Date,US T-Note 10Y Yield,USD/EUR,US Unemployment,US GDP,XAU/USD,USD Index,OIL WTI,VIX,Interest Rates,US T-Bond 30Y Yield,US T-Note 5Y Yield,US T-Note 2Y Yield
2024-12-01,0.499,-0.006,-0.200,107.972,-29.740,2.468,3.720,3.840,-0.160,-5.720,-1.200,-0.030
2024-11-01,-0.599,0.006,-0.300,107.972,-90.250,1.950,-1.260,-9.650,-0.190,1.310,0.150,-0.170
2024-10-01,0.618,0.028,-0.300,107.972,109.310,3.357,1.090,6.430,-0.300,-6.370,-2.750,-1.320
2024-09-01,0.001,0.012,0.500,192.062,131.460,-1.103,-5.380,1.730,-0.200,1.440,0.800,0.770
2024-08-01,0.235,-0.009,-0.100,192.062,54.930,-2.235,-4.360,-1.360,0.000,2.210,1.040,0.640
2024-07-01,-0.248,-0.020,0.300,192.062,122.390,-1.686,-3.630,3.920,0.000,2.470,1.390,0.630
2024-06-01,0.068,0.026,-0.400,204.389,-1.260,0.918,4.550,-0.480,0.000,2.380,1.170,0.650
2024-05-01,-0.655,-0.026,0.000,204.389,41.400,-1.473,-4.940,-2.730,0.000,2.220,0.760,0.250
2024-04-01,0.524,0.010,0.200,204.389,53.190,1.831,-1.240,2.640,0.000,-6.630,-2.440,-1.040
2024-03-01,-0.384,0.000,0.100,48.339,189.140,0.171,4.910,-0.390,0.000,1.220,0.570,0.260
2024-02-01,0.284,-0.017,0.100,48.339,6.050,1.009,2.410,-0.950,0.000,-3.090,-1.930,-1.020
2024-01-01,0.516,0.031,0.100,48.339,-25.400,2.060,4.200,1.900,0.000,-2.690,-0.320,-0.070
2023-12-01,0.132,0.014,-0.100,192.791,26.840,-2.399,-4.310,-0.470,0.000,8.590,2.310,1.240
2023-11-01,-0.943,-0.026,0.000,192.791,53.050,-3.066,-5.060,-5.220,0.000,7.060,2.050,0.680
2023-10-01,-0.126,-0.024,0.500,192.791,134.390,0.679,-9.770,0.620,0.000,-4.460,-1.030,-0.200
2023-09-01,0.334,0.011,-0.700,260.490,-91.430,2.228,7.160,3.950,0.000,-7.850,-1.090,-0.150
2023-08-01,0.013,0.020,0.400,260.490,-24.450,1.961,1.830,-0.060,0.210,-3.000,-0.490,-0.110
2023-07-01,-0.069,0.012,-0.400,260.490,44.620,-0.961,11.160,0.040,0.040,-2.430,-0.320,-0.290
2023-06-01,-0.018,-0.047,-0.300,140.892,-42.730,-1.658,2.550,-4.350,0.020,-1.220,-1.350,-0.610
2023-05-01,0.253,0.043,1.500,140.892,-27.350,2.842,-8.690,2.160,0.230,-3.570,-1.260,-0.820
2023-04-01,0.415,0.008,-2.800,140.892,21.750,-0.783,1.110,-2.920,0.180,0.660,0.330,-0.060
2023-03-01,-0.873,-0.048,1.700,161.262,140.750,-2.639,-1.380,-2.000,0.080,6.030,2.960,1.930
2023-02-01,0.787,0.038,-0.300,161.262,-100.730,2.910,-3.060,1.300,0.240,-6.160,-2.680,-1.370
2023-01-01,-0.637,0.013,0.000,161.262,103.480,-1.354,-0.360,-2.270,0.230,5.320,1.550,0.500
2022-12-01,0.707,0.024,0.000,152.720,55.950,-2.628,-0.090,1.090,0.320,-0.940,-0.390,0.050
2022-11-01,-0.660,-0.042,-0.400,152.720,135.330,-5.523,-5.970,-5.300,0.700,6.810,1.750,0.290
2022-10-01,-0.412,-0.035,0.200,152.720,-26.550,-0.664,7.040,-5.740,0.520,-6.030,-0.880,-0.520
2022-09-01,0.095,0.011,0.200,158.580,-51.030,3.419,-10.060,5.750,0.230,-9.560,-3.230,-1.310
2022-08-01,0.897,-0.009,-0.300,158.580,-54.520,2.886,-9.070,4.540,0.650,-7.720,-2.860,-1.030
2022-07-01,-0.527,0.002,-0.100,158.580,-41.670,1.315,-7.140,-7.380,0.470,5.750,1.540,0.270
2022-06-01,0.257,0.039,0.400,34.335,-30.200,2.698,-8.910,2.520,0.440,-2.690,-1.150,-1.020
2022-05-01,-0.682,-0.062,-0.100,34.335,-59.310,-1.197,9.980,-7.210,0.440,-0.250,0.730,0.590
2022-04-01,0.070,0.033,0.200,34.335,-40.830,4.603,4.410,12.840,0.130,-9.370,-2.460,-1.160
2022-03-01,0.485,0.011,0.100,-56.027,29.330,1.666,4.560,-9.590,0.120,-4.530,-3.470,-1.420
2022-02-01,-0.234,-0.009,-0.700,-56.027,111.430,0.157,7.570,5.320,0.000,-1.030,-0.600,-0.340
2022-01-01,0.216,0.013,0.300,-56.027,-31.920,0.944,12.940,7.610,0.000,-4.820,-2.350,-1.130
2021-12-01,0.161,-0.020,0.300,370.909,54.610,-0.414,9.030,-9.970,0.000,-3.250,-0.360,-0.240
2021-11-01,-0.174,0.016,-0.300,370.909,-9.030,1.886,-17.390,10.930,0.000,2.850,0.160,0.080
2021-10-01,-0.116,-0.015,0.200,370.909,26.150,-0.119,8.540,-6.880,0.000,1.620,-1.670,-0.620
2021-09-01,0.104,0.012,0.300,176.899,-56.770,1.605,6.530,6.660,-0.010,-5.310,-0.760,-0.080
2021-08-01,0.323,0.005,-0.300,176.899,-0.150,0.447,-5.450,-1.760,-0.010,-0.190,-0.270,-0.010
2021-07-01,-0.129,-0.027,0.100,176.899,43.780,-0.243,0.480,2.410,0.020,3.970,0.490,0.040
2021-06-01,-0.068,0.040,0.200,358.795,-136.560,2.438,7.150,-0.930,0.020,2.630,-0.450,-0.160
2021-05-01,0.073,0.007,0.000,358.795,137.770,-1.277,2.740,-1.850,-0.010,0.870,0.470,0.070
2021-04-01,-0.455,-0.045,-0.200,358.795,61.580,-1.966,4.420,-0.790,0.000,2.660,-0.170,-0.070
2021-03-01,0.001,0.020,-0.400,290.217,-26.480,2.354,-2.340,-8.550,-0.010,-6.160,-0.300,0.020
2021-02-01,0.181,-0.001,0.500,290.217,-112.600,0.313,9.300,-5.140,-0.010,-7.970,-1.470,-0.060
2021-01-01,0.081,0.025,-0.200,290.217,-50.400,0.675,3.680,10.340,0.000,-4.470,0.020,0.000
2020-12-01,0.106,0.001,-0.100,233.038,119.470,-1.964,3.180,2.180,0.000,-0.590,0.160,0.070
2020-11-01,-0.220,-0.025,0.200,233.038,-100.930,-2.184,9.550,-17.450,0.000,1.310,0.100,0.000
2020-10-01,0.208,-0.010,0.100,233.038,-7.490,0.115,-4.430,11.650,0.000,-3.810,-0.320,-0.030
2020-09-01,-0.193,0.027,-0.100,1480.887,-84.310,1.796,-2.390,-0.040,-0.010,-1.100,0.010,0.020
2020-08-01,0.298,0.030,0.200,1480.887,-4.940,-1.190,2.340,1.950,0.010,-4.900,-0.210,-0.060
2020-07-01,-0.130,-0.031,0.000,1480.887,194.020,-4.028,1.000,-5.970,0.010,3.720,0.140,0.210
2020-06-01,-0.002,0.001,-0.500,-1631.220,54.370,-0.992,3.780,2.920,0.030,-1.440,0.160,0.000
2020-05-01,0.029,-0.018,0.200,-1631.220,46.210,-0.687,16.650,-6.640,0.000,-1.030,0.340,0.070
2020-04-01,0.473,0.007,-0.100,-1631.220,109.040,-0.064,-1.640,-19.390,-0.600,1.970,0.280,0.040
2020-03-01,-0.153,-0.006,0.100,-276.236,-13.690,1.011,-24.280,13.430,-0.930,7.680,2.930,1.240
2020-02-01,0.072,-0.004,0.300,-276.236,-5.070,0.868,-6.800,21.270,0.030,7.850,1.950,0.750
2020-01-01,-0.559,0.025,-0.500,-276.236,72.800,1.155,-9.500,5.060,0.000,7.620,1.860,0.530
2019-12-01,0.059,-0.027,0.300,142.126,53.110,-2.144,5.890,1.160,0.000,-3.840,-0.180,0.070
2019-11-01,0.066,0.032,0.100,142.126,-49.260,1.048,0.990,-0.600,-0.280,-1.630,-0.560,-0.220
2019-10-01,-0.149,-0.028,-0.300,142.126,41.160,-1.867,0.110,-3.020,-0.210,-0.930,0.470,0.300
2019-09-01,0.677,0.001,0.200,241.047,-47.850,0.161,-1.030,-2.740,-0.090,-3.750,-0.800,-0.290
2019-08-01,-0.508,-0.016,0.100,241.047,106.300,0.602,-3.480,2.860,-0.270,10.470,1.980,0.590
2019-07-01,0.126,0.038,0.000,241.047,4.450,2.592,0.110,1.040,0.020,0.000,-0.460,-0.160
2019-06-01,0.245,-0.017,0.100,170.634,103.850,-2.000,4.970,-3.630,-0.010,1.210,0.810,0.320
2019-05-01,-0.468,0.002,0.000,170.634,21.900,0.465,-10.410,5.590,-0.030,6.910,1.560,0.540
2019-04-01,0.407,-0.012,0.200,170.634,-8.550,0.356,3.770,-0.590,0.010,-2.190,-0.130,0.060
2019-03-01,-0.394,0.006,0.600,126.767,-20.760,0.802,2.920,-0.990,0.010,4.540,1.300,0.460
2019-02-01,0.137,0.004,-0.600,126.767,-7.900,0.739,3.430,-1.870,0.000,-1.570,-0.390,-0.180
2019-01-01,0.254,0.014,-0.100,126.767,37.830,-0.431,8.380,-8.850,0.130,0.690,0.250,0.110
2018-12-01,-0.151,-0.011,0.200,28.720,60.850,-1.461,-5.520,7.350,0.070,5.470,1.630,0.580
2018-11-01,-0.240,-0.023,-0.300,28.720,7.740,0.295,-14.380,-3.160,0.010,2.410,0.600,0.140
2018-10-01,-0.121,0.023,-0.200,28.720,22.450,2.164,-7.940,9.110,0.240,-2.380,-0.450,-0.230
2018-09-01,0.307,-0.007,-0.300,125.678,-9.020,-0.346,3.450,-0.740,0.040,-4.470,-0.790,-0.270
2018-08-01,-0.204,0.007,0.500,125.678,-22.700,0.808,1.040,0.030,0.000,2.000,0.500,0.140
2018-07-01,0.102,-0.001,0.000,125.678,-28.840,-0.074,-5.390,-3.260,0.090,-2.030,-0.830,-0.380
2018-06-01,0.095,-0.027,-0.100,106.399,-45.670,0.390,7.110,0.660,0.120,-1.000,-0.160,-0.160
2018-05-01,-0.309,0.011,-0.500,106.399,-17.030,2.329,-1.530,-0.500,0.010,2.160,0.600,0.210
2018-04-01,0.337,0.025,0.000,106.399,-9.050,1.818,3.630,-4.040,0.180,-2.780,-1.220,-0.530
2018-03-01,-0.274,-0.023,0.100,161.725,6.340,-0.739,3.300,0.120,0.090,2.180,0.500,0.060
2018-02-01,-0.157,0.043,0.200,161.725,-27.040,1.597,-3.090,6.310,0.010,-3.370,-0.480,-0.130
2018-01-01,0.318,-0.022,-0.100,161.725,42.250,-2.872,4.310,2.500,0.110,-5.190,-1.660,-0.660
2017-12-01,-0.047,0.012,0.100,221.586,28.090,-1.176,3.020,-0.240,0.140,0.160,-0.210,-0.100
2017-11-01,-0.002,-0.031,0.200,221.586,3.160,-1.427,3.020,1.100,0.010,0.370,-0.610,-0.300
2017-10-01,-0.179,0.005,-0.500,221.586,-7.900,1.546,2.710,0.670,0.000,-0.340,-0.790,-0.390
2017-09-01,0.393,0.012,0.300,153.817,-42.500,0.255,4.440,-1.080,-0.010,-4.570,-0.800,-0.200
2017-08-01,-0.167,0.026,-0.100,153.817,52.550,-0.090,-2.940,0.330,0.010,4.410,0.630,0.100
2017-07-01,-0.106,-0.017,0.400,153.817,27.850,-2.703,4.130,-0.920,0.110,-0.720,-0.370,-0.170
2017-06-01,0.181,0.014,-0.300,108.606,-26.890,-1.433,-2.280,0.770,0.130,-1.430,-0.290,-0.010
2017-05-01,0.017,-0.007,0.300,108.606,0.440,-2.044,-1.010,-0.410,0.010,2.150,0.400,0.050
2017-04-01,-0.092,-0.014,-0.300,108.606,19.020,-1.320,-1.270,-1.550,0.110,2.130,0.330,-0.170
2017-03-01,0.061,-0.026,0.100,93.991,0.110,-0.911,-3.410,-0.550,0.130,-2.100,0.010,-0.020
2017-02-01,-0.089,0.044,-0.200,93.991,38.010,1.648,1.200,0.930,0.010,2.100,0.200,0.090
2017-01-01,-0.036,-0.031,0.100,93.991,59.050,-2.805,-0.910,-2.050,0.110,0.180,-0.410,-0.270
2016-12-01,-0.508,-0.027,0.400,106.414,-21.240,0.747,4.280,0.710,0.130,-2.000,-0.080,0.010
2016-11-01,0.336,0.013,-0.500,106.414,-104.580,3.117,2.580,-3.730,0.010,-10.060,-2.440,-0.410
2016-10-01,0.208,0.028,0.500,106.414,-38.520,3.037,-1.380,3.770,0.000,-5.440,-0.710,-0.260
2016-09-01,-0.108,-0.008,-0.300,135.229,7.350,-0.627,3.540,-0.130,0.000,-3.680,0.270,0.080
2016-08-01,0.153,0.006,0.100,135.229,-42.140,0.521,3.100,1.550,0.010,-2.600,-0.780,-0.250
2016-07-01,0.351,-0.008,-0.400,135.229,28.810,-0.712,-6.730,-3.760,0.010,2.100,-0.390,-0.120
2016-06-01,-0.392,-0.023,0.100,61.019,107.090,0.325,-0.770,1.440,0.010,7.620,1.860,0.500
2016-05-01,-0.049,0.031,0.200,61.019,-78.670,2.824,3.180,-1.510,0.000,1.410,-0.360,-0.190
2016-04-01,0.033,0.035,0.400,61.019,61.410,-1.524,7.580,1.750,0.010,-1.130,-0.430,-0.100
2016-03-01,0.217,-0.038,-0.500,109.484,-5.810,-3.641,4.590,-6.600,-0.020,-1.440,0.240,0.120
2016-02-01,0.161,-0.005,0.100,109.484,120.120,-1.433,0.130,0.350,0.040,4.850,0.430,-0.020
2016-01-01,-0.407,0.028,-0.300,109.484,56.730,0.907,-3.420,1.990,0.100,7.280,1.830,0.460
2015-12-01,-0.001,-0.064,0.100,34.788,-3.110,-1.465,-4.610,2.080,0.120,-1.660,-0.370,-0.190
2015-11-01,-0.049,0.024,0.400,34.788,-77.980,3.191,-4.940,1.060,0.000,-1.030,-0.560,-0.290
2015-10-01,0.290,0.011,0.000,34.788,27.400,0.539,1.500,-9.430,-0.020,-0.900,-1.070,-0.390
2015-09-01,-0.206,0.022,0.000,75.175,-19.500,0.626,-4.110,-3.930,0.000,1.220,1.030,0.260
2015-08-01,0.189,-0.031,-0.300,75.175,38.700,-1.585,2.080,16.310,0.010,0.180,-0.030,-0.070
2015-07-01,-0.388,0.025,0.000,75.175,-76.800,1.778,-12.350,-6.110,0.000,5.100,-0.100,-0.230
2015-06-01,0.138,-0.032,0.400,115.622,-17.550,-1.325,-0.830,4.390,0.010,-6.350,-0.320,0.030
2015-05-01,-0.020,0.060,-0.200,115.622,5.900,2.272,0.670,-0.710,0.000,-2.400,0.130,0.100
2015-04-01,0.178,-0.080,0.500,115.622,0.750,-3.947,12.030,-0.740,0.010,-4.290,-0.750,-0.280
2015-03-01,-0.428,0.032,-0.500,166.590,-29.450,3.340,-2.160,1.950,0.000,16.850,0.890,0.210
2015-02-01,0.889,-0.052,0.500,166.590,-70.250,0.323,1.520,-7.630,0.000,-4.250,-1.350,-0.180
2015-01-01,-0.528,0.036,0.000,166.590,99.250,4.351,-5.030,1.770,-0.010,6.720,1.740,0.210
2014-12-01,0.159,0.019,-0.300,93.090,16.510,2.234,-12.880,5.870,0.030,0.500,-0.600,-0.290
2014-11-01,-0.002,-0.002,0.400,93.090,-6.880,1.397,-14.390,-0.700,0.000,2.970,0.770,0.180
2014-10-01,-0.310,-0.023,-0.700,93.090,-34.820,0.969,-10.620,-2.280,0.000,3.180,0.120,-0.120
2014-09-01,0.367,0.016,-0.100,221.030,-78.330,3.264,-4.800,4.330,0.000,-3.620,-0.410,0.020
2014-08-01,-0.247,-0.002,0.300,221.030,4.980,1.260,-2.210,-4.970,0.000,4.120,0.880,0.170
2014-07-01,-0.027,0.020,-0.300,221.030,-45.100,1.712,-7.200,5.380,-0.010,0.220,-1.340,-0.350
2014-06-01,0.228,-0.016,-0.200,231.937,76.500,-0.593,2.660,0.170,0.010,-1.060,-0.310,-0.070
2014-05-01,-0.098,0.018,-0.100,231.937,-40.600,0.872,2.970,-2.010,0.000,3.310,1.040,0.190
2014-04-01,-0.143,-0.007,-0.100,231.937,7.650,-0.722,-1.840,-0.470,0.010,1.720,-0.560,-0.170
2014-03-01,0.065,0.018,0.500,-62.173,-42.150,0.534,-1.010,-0.120,0.010,-1.370,-0.900,-0.060
2014-02-01,0.387,-0.031,-0.200,-62.173,82.600,-1.683,5.100,-4.410,0.000,1.000,0.290,0.070
2014-01-01,-0.662,0.022,0.100,-62.173,38.250,1.214,-0.930,4.690,-0.020,5.280,0.260,-0.060
2013-12-01,0.086,-0.008,-0.200,155.697,-47.050,-0.468,5.700,0.020,0.010,-3.910,-1.440,-0.130
2013-11-01,0.257,0.003,-0.100,155.697,-71.200,0.199,-3.660,-0.050,-0.010,-2.590,0.110,0.080
2013-10-01,0.111,0.014,0.300,155.697,-3.750,-0.060,-5.950,-2.850,0.010,1.430,0.020,0.020
2013-09-01,-0.375,-0.022,0.000,150.779,-68.750,-1.872,-5.320,-0.410,0.000,0.040,1.100,0.130
2013-08-01,0.100,0.021,0.200,150.779,73.200,0.621,2.620,3.560,-0.010,-0.720,-0.800,-0.100
2013-07-01,-0.254,-0.016,0.000,150.779,89.350,-1.827,8.470,-3.410,0.000,-1.780,-0.220,0.070
2013-06-01,-0.104,-0.010,0.200,47.271,-153.260,-0.075,4.590,0.560,-0.020,-5.220,-1.390,-0.070
2013-05-01,0.638,0.030,-0.100,47.271,-90.200,1.661,-1.490,2.780,-0.040,-7.320,-1.660,-0.150
2013-04-01,-0.150,-0.035,-0.100,47.271,-119.570,-1.365,-3.770,0.820,0.010,3.910,0.190,0.060
2013-03-01,0.075,-0.015,-0.600,172.548,16.410,1.187,5.180,-2.810,-0.010,-0.810,0.070,-0.010
2013-02-01,-0.332,0.050,0.400,172.548,-83.230,2.962,-5.440,1.230,0.010,1.810,0.650,0.050
2013-01-01,0.087,-0.010,-0.300,172.548,-11.350,-0.645,5.670,-3.740,-0.020,-4.030,-0.830,-0.050
2012-12-01,0.219,-0.008,1.000,20.202,-40.060,-0.292,2.910,2.150,0.000,-3.910,-0.280,0.020
2012-11-01,-0.139,0.003,-0.800,20.202,-6.150,0.176,2.670,-2.730,0.000,2.100,0.590,0.080
2012-10-01,-0.024,0.011,0.100,20.202,-50.670,-0.038,-5.950,2.870,0.020,-0.070,-0.620,-0.080
2012-09-01,0.007,0.001,0.400,25.125,80.070,-1.191,-4.280,-1.740,0.010,-1.120,-0.080,-0.030
2012-08-01,0.251,-0.041,-0.200,25.125,77.250,-1.494,8.410,-1.460,-0.030,-0.530,0.170,-0.030
2012-07-01,-0.253,0.042,0.000,25.125,15.300,0.957,3.100,1.850,0.000,3.060,0.670,0.160
2012-06-01,0.436,-0.073,-0.200,77.515,37.900,-1.376,-1.570,-6.980,0.000,-2.310,-0.270,-0.120
2012-05-01,-0.061,0.048,0.700,77.515,-103.660,4.281,-18.340,6.910,0.020,7.400,0.580,-0.010
2012-04-01,-0.535,0.007,-0.600,77.515,-4.540,-0.290,1.850,1.650,0.010,5.130,0.940,0.120
2012-03-01,0.061,0.014,0.500,144.427,-26.300,0.344,-4.050,-2.930,0.030,-5.340,-0.440,-0.060
2012-02-01,0.260,-0.006,-0.500,144.427,-44.230,-0.623,8.590,-1.010,0.020,-2.350,-0.750,-0.170
2012-01-01,0.115,-0.037,0.300,144.427,175.130,-1.105,-0.350,-3.960,0.010,0.630,0.530,0.180
2011-12-01,-0.152,0.006,-0.300,191.270,-181.400,2.031,-1.530,-4.400,-0.010,3.190,0.510,0.000
2011-11-01,-0.243,0.048,0.100,191.270,30.450,2.185,7.170,-2.160,0.010,2.590,0.400,0.060
2011-10-01,0.516,-0.077,0.000,191.270,91.500,-2.769,13.990,-13.000,-0.010,-3.590,-0.750,-0.020
2011-09-01,0.242,0.051,-0.300,-3.801,-200.050,4.902,-9.610,11.340,-0.020,5.310,-0.140,-0.110
2011-08-01,-0.192,-0.004,0.300,-3.801,197.160,0.137,-6.890,6.370,0.030,9.190,2.050,0.310
2011-07-01,-0.468,0.011,-0.500,-3.801,126.540,-0.599,0.280,8.730,-0.020,5.090,1.030,0.010
2011-06-01,0.332,-0.025,0.500,114.482,-35.250,-0.061,-7.280,1.070,0.000,-3.130,0.140,-0.010
2011-05-01,-0.051,0.050,-0.300,114.482,-30.250,1.589,-11.230,0.700,-0.010,3.780,1.810,0.400
2011-04-01,-0.228,-0.012,-0.200,114.482,133.600,-2.965,7.210,-2.990,-0.040,2.190,0.680,0.080
2011-03-01,0.000,-0.013,0.300,-40.232,20.350,-0.849,9.750,-0.610,-0.020,-1.750,-0.090,-0.010
2011-02-01,-0.038,0.011,-0.100,-40.232,79.460,-0.944,4.780,-1.180,-0.010,1.320,-0.530,-0.100
2011-01-01,-0.405,0.006,-0.100,-40.232,-89.260,-1.423,0.810,1.780,-0.010,-1.500,-0.310,-0.050
2010-12-01,0.297,-0.076,0.400,88.598,36.600,-1.983,7.270,-5.790,-0.010,-6.600,-1.900,-0.140
2010-11-01,0.103,0.070,-0.100,88.598,25.300,3.814,2.680,2.340,0.000,-2.220,-0.960,-0.210
2010-10-01,0.049,0.038,-0.100,88.598,50.050,-1.481,1.460,-2.500,0.000,-2.780,0.080,0.080
2010-09-01,0.477,-0.076,0.100,129.104,61.850,-4.316,8.050,-2.350,0.000,-2.720,0.430,0.190
2010-08-01,-0.405,0.073,-0.100,129.104,66.750,1.599,-7.030,2.550,0.010,7.720,1.240,0.160
2010-07-01,0.338,-0.056,0.400,129.104,-61.450,-4.626,3.320,-11.040,0.000,1.220,0.850,-0.110
2010-06-01,-0.012,-0.056,-0.400,160.452,26.140,-0.389,1.660,2.470,-0.020,4.280,1.540,0.320
2010-05-01,-0.182,0.049,-0.100,160.452,36.960,4.679,-12.180,10.020,0.000,4.160,1.580,0.560
2010-04-01,-0.388,0.006,0.500,160.452,65.450,0.700,2.390,4.460,0.040,2.940,-0.120,-0.140
2010-03-01,0.183,-0.007,-0.500,79.956,-2.700,0.851,4.100,-1.910,0.030,-3.070,-1.070,-0.280
2010-02-01,0.280,-0.010,0.400,79.956,34.950,0.790,6.770,-5.120,0.020,0.380,0.590,0.230
2010-01-01,-0.888,-0.010,0.000,79.956,-14.650,1.430,-6.470,2.940,-0.010,3.430,0.970,0.260
2009-12-01,0.829,0.045,-0.400,176.473,-82.650,3.285,2.080,-2.830,0.000,-7.960,-2.970,-0.760
2009-11-01,-0.273,-0.009,0.200,176.473,133.950,-1.540,0.280,-6.180,0.000,3.180,2.010,0.680
2009-10-01,0.179,0.011,0.200,176.473,37.200,-0.385,6.390,5.080,-0.030,-1.220,-0.710,-0.210
2009-09-01,-0.015,-0.011,-0.500,57.136,56.550,-1.360,0.650,-0.400,-0.010,0.440,0.640,0.170
2009-08-01,-0.026,0.007,0.300,57.136,-3.600,-0.230,0.510,0.090,0.000,1.940,1.140,0.550
2009-07-01,-0.131,-0.017,-0.200,57.136,27.900,-1.975,-0.440,-0.430,-0.050,0.640,-0.390,-0.700
2009-06-01,-0.266,0.055,0.300,-29.117,-53.150,0.995,3.580,-2.570,0.030,-0.730,-0.650,0.010
2009-05-01,-0.109,-0.051,-0.100,-29.117,93.500,-5.345,15.190,-7.580,0.030,-3.470,-0.720,0.210
2009-04-01,0.804,0.036,0.200,-29.117,-31.650,-1.120,1.460,-7.640,-0.030,-7.140,-2.130,-0.350
2009-03-01,-0.523,-0.041,-0.400,-187.088,-27.000,-2.255,4.900,-2.210,-0.040,5.090,1.720,0.260
2009-02-01,-0.461,-0.061,0.300,-187.088,17.400,1.690,3.080,1.510,0.070,-2.090,-0.620,0.050
2009-01-01,1.331,0.140,-0.300,-187.088,47.550,4.310,-2.920,4.840,-0.010,-11.350,-2.810,-0.960
2008-12-01,0.350,-0.074,0.200,-368.945,62.700,-4.555,-9.830,-15.280,-0.230,9.490,1.640,0.580
2008-11-01,-1.191,-0.075,-0.100,-368.945,92.450,0.360,-13.380,-4.610,-0.580,15.440,6.080,1.780
2008-10-01,0.137,0.051,-0.100,-368.945,-146.900,6.985,-32.830,20.500,-0.840,-4.050,-0.430,0.060
2008-09-01,0.137,-0.014,0.300,-88.996,41.150,1.860,-14.820,18.740,-0.190,-1.020,1.240,0.880
2008-08-01,-0.116,0.034,-0.400,-88.996,-83.050,4.080,-8.620,-2.290,-0.010,2.690,1.110,0.470
2008-07-01,0.075,0.015,0.400,-88.996,-11.250,0.620,-15.920,-1.010,0.010,-0.090,0.340,-0.020
2008-06-01,-0.425,-0.011,0.000,100.288,38.200,-0.150,12.650,6.120,0.020,1.120,0.220,0.180
2008-05-01,0.020,-0.003,-0.100,100.288,15.950,0.230,13.890,-2.960,-0.300,-2.420,-1.200,-0.500
2008-04-01,0.411,0.031,-0.300,100.288,-44.750,0.555,11.880,-4.820,-0.330,-1.910,-2.970,-1.210
2008-03-01,-0.020,-0.011,0.500,-72.188,-56.780,-1.585,-0.260,-0.930,-0.370,-0.890,0.120,-0.110
2008-02-01,0.360,-0.001,-0.300,-72.188,46.860,-1.535,10.090,0.340,-0.960,0.380,1.830,1.050
2008-01-01,-0.524,-0.015,0.300,-72.188,92.020,-1.415,-4.230,3.700,-0.300,2.930,2.550,1.610
2007-12-01,0.610,0.009,-0.600,105.604,50.700,0.530,7.270,-0.370,-0.250,-0.810,0.070,-0.020
2007-11-01,-0.403,0.003,0.500,105.604,-13.300,-0.290,-5.820,4.340,-0.270,4.600,3.040,1.470
2007-10-01,-0.188,0.023,-0.300,105.604,52.100,-1.165,12.870,0.530,-0.180,1.250,0.010,0.060
2007-09-01,0.273,-0.036,0.200,96.273,71.100,-3.120,7.620,-5.380,-0.080,-0.440,0.550,0.460
2007-08-01,0.088,0.010,-0.200,96.273,9.500,0.085,-4.170,-0.140,-0.240,1.720,1.310,0.560
2007-07-01,-0.429,-0.002,0.200,96.273,13.850,-1.030,7.530,7.290,0.010,2.310,1.440,0.670
2007-06-01,-0.129,-0.015,-0.100,101.624,-11.300,-0.560,6.670,3.180,0.000,-1.410,-0.330,0.060
2007-05-01,0.284,0.026,0.000,101.624,-17.300,0.950,-1.700,-1.170,0.000,-2.590,-1.470,-0.620
2007-04-01,-0.091,-0.009,0.000,101.624,14.650,-1.360,-0.160,-0.420,-0.010,0.500,0.110,-0.010
2007-03-01,0.308,0.004,0.000,49.824,-6.350,-0.840,4.080,-0.780,0.000,-1.750,-0.060,0.100
2007-02-01,-0.351,-0.021,0.100,49.824,16.750,-0.930,3.650,5.000,0.010,2.880,1.250,0.470
2007-01-01,-0.124,0.007,-0.200,49.824,16.400,1.000,-2.910,-1.140,0.010,-1.320,-0.590,-0.130
2006-12-01,0.380,0.031,0.200,141.128,-11.500,0.580,-2.080,0.650,-0.010,-2.940,-0.880,-0.350
2006-11-01,-0.113,-0.022,0.000,141.128,41.700,-2.260,4.400,-0.190,0.000,1.720,0.440,0.080
2006-10-01,0.070,-0.014,0.100,141.128,8.300,-0.570,-4.180,-0.880,0.000,0.250,0.140,0.090
2006-09-01,0.157,0.011,-0.200,24.587,-28.600,0.660,-7.350,-0.330,0.000,1.720,0.400,0.090
2006-08-01,-0.099,-0.004,0.100,24.587,-7.680,-0.070,-4.140,-2.640,0.010,2.410,0.800,0.290
2006-07-01,-0.179,0.000,0.000,24.587,21.480,0.190,0.470,1.870,0.250,1.620,0.780,0.370
2006-06-01,-0.044,0.013,-0.100,42.316,-30.600,0.250,2.640,-3.360,0.050,0.250,-0.250,-0.200
2006-05-01,-0.138,0.023,0.100,42.316,-10.800,-1.230,-0.590,4.850,0.150,-0.430,-0.470,-0.310
2006-04-01,-0.092,-0.020,-0.100,42.316,70.850,-3.510,5.250,0.200,0.200,-2.320,-0.280,-0.050
2006-03-01,0.258,-0.030,0.300,217.101,21.900,-0.690,5.220,-0.950,0.100,-3.930,-0.790,-0.260
2006-02-01,-0.086,0.038,-0.100,217.101,-7.200,1.270,-6.510,-0.610,0.200,0.250,-0.500,-0.240
2006-01-01,0.219,-0.018,-0.200,217.101,51.350,-2.150,6.880,0.880,0.130,-1.350,-0.610,-0.250
2005-12-01,-0.028,-0.018,0.100,89.147,23.750,-0.550,3.720,0.010,0.160,1.910,0.230,0.050
2005-11-01,-0.292,0.011,0.000,89.147,28.650,1.580,-2.440,-3.260,0.220,0.310,0.220,0.020
2005-10-01,-0.093,-0.018,0.000,89.147,-3.950,0.580,-6.480,3.400,0.160,-2.440,-0.970,-0.480
2005-09-01,0.586,0.035,0.100,124.805,33.900,1.810,-2.700,-0.680,0.120,-3.970,-1.670,-0.580
2005-08-01,-0.629,-0.013,-0.200,124.805,5.050,-1.690,8.370,1.030,0.240,3.070,1.330,0.420
2005-07-01,0.427,-0.016,0.100,124.805,-5.050,0.250,4.070,-0.470,0.220,-3.440,-1.690,-0.790
2005-06-01,0.147,-0.022,0.000,78.055,17.900,1.180,4.530,-1.250,0.040,1.280,-0.190,-0.020
2005-05-01,0.075,0.030,0.200,78.055,-17.530,3.380,2.250,-2.020,0.210,2.630,0.630,0.200
2005-04-01,-0.395,-0.010,-0.300,78.055,6.430,0.370,-5.680,1.290,0.160,3.460,1.360,0.050
2005-03-01,-0.142,0.027,0.000,173.847,-7.170,1.540,3.650,1.940,0.130,-1.710,-1.030,-0.300
2005-02-01,0.339,-0.041,0.000,173.847,13.000,-1.130,3.550,-0.740,0.220,-1.750,-1.130,-0.430
2005-01-01,0.043,0.044,0.200,173.847,-15.830,2.640,4.750,-0.470,0.120,2.340,-0.280,-0.270
2004-12-01,-0.459,0.015,-0.200,158.261,-12.430,-0.820,-5.680,0.050,0.230,1.410,-0.190,-0.330
2004-11-01,0.420,-0.008,-0.100,158.261,22.360,-3.160,-2.630,-3.030,0.170,-2.750,-1.660,-0.750
2004-10-01,0.023,-0.006,0.200,158.261,10.270,-2.530,2.120,2.930,0.150,1.620,0.630,-0.100
2004-09-01,0.134,-0.004,0.200,145.769,8.430,-1.450,7.520,-1.950,0.180,-0.310,-0.770,-0.330
2004-08-01,-0.159,-0.024,-0.200,145.769,18.570,-1.150,-1.680,-0.030,0.170,4.310,2.020,0.750
2004-07-01,-0.010,0.012,-0.200,145.769,-3.130,1.110,6.750,0.980,0.230,1.840,0.810,-0.330
2004-06-01,-0.237,0.014,0.100,118.170,-1.120,0.020,-2.830,-1.160,0.030,-0.180,-0.870,-0.170
2004-05-01,-0.518,-0.036,0.100,118.170,7.900,-1.700,2.500,-1.690,0.000,-0.530,-0.380,-0.210
2004-04-01,0.808,0.010,0.000,118.170,-39.020,2.730,1.620,0.450,0.000,-6.970,-3.620,-1.320
2004-03-01,0.027,0.013,0.000,85.920,30.170,0.530,-0.400,2.190,-0.010,0.180,-0.210,-0.230
2004-02-01,-0.043,-0.009,0.000,85.920,-6.120,0.000,3.110,-2.080,0.010,2.540,1.440,0.570
2004-01-01,-0.038,0.047,0.000,85.920,-12.480,0.160,0.530,-1.680,0.020,2.030,0.710,0.230
2003-12-01,-0.118,-0.010,0.000,173.978,17.170,-3.020,2.110,1.990,-0.020,0.030,-0.040,-0.080
2003-11-01,-0.320,-0.035,0.000,173.978,13.480,-2.600,1.300,0.220,-0.010,0.560,-0.150,-0.130
2003-10-01,0.887,0.058,0.000,173.978,-0.850,-0.320,-0.090,-6.620,0.000,-3.440,-1.660,-0.570
2003-09-01,-0.590,-0.073,0.100,245.215,9.680,-4.900,-2.370,4.090,-0.020,4.750,1.990,0.500
2003-08-01,-0.834,-0.001,-0.100,245.215,20.570,0.960,1.030,-0.860,0.020,1.790,0.150,-0.020
2003-07-01,0.751,0.001,0.000,245.215,8.600,2.030,0.350,-0.030,-0.210,-11.720,-3.790,-1.080
2003-06-01,0.610,0.066,0.200,129.426,-18.580,1.800,0.630,0.050,-0.040,-3.160,-1.330,0.010
2003-05-01,-0.505,-0.024,-0.200,129.426,25.360,-4.070,3.760,-1.740,0.000,6.470,2.700,0.440
2003-04-01,-0.072,-0.010,-0.200,129.426,2.140,-2.110,-5.240,-7.940,0.010,1.280,0.250,0.000
2003-03-01,0.384,-0.009,0.200,76.561,-12.370,-0.320,-5.560,-0.480,-0.010,-3.060,-0.810,-0.090
2003-02-01,-0.422,0.022,0.400,76.561,-18.630,-0.330,3.090,-1.540,0.020,3.620,1.780,0.510
2003-01-01,0.541,0.029,-0.100,76.561,21.480,-2.120,2.310,2.550,0.000,-0.500,-0.720,0.330
2002-12-01,-0.709,-0.049,-0.100,17.947,27.950,-4.240,4.310,1.120,-0.100,3.500,1.470,0.250
2002-11-01,0.021,0.000,0.000,17.947,1.250,-0.320,-0.330,-3.640,-0.410,-1.470,-1.950,-0.640
2002-10-01,0.825,0.001,0.000,17.947,-5.950,-0.440,-3.230,-8.550,0.000,-3.590,-0.550,0.460
2002-09-01,-0.201,0.000,-0.100,58.785,11.000,0.390,1.470,7.050,0.010,3.370,2.250,0.330
2002-08-01,0.021,-0.019,0.000,58.785,9.200,-0.830,1.960,0.610,0.010,4.940,1.700,0.290
2002-07-01,-0.114,0.077,0.000,58.785,-11.070,1.150,0.160,6.630,-0.020,3.160,2.910,0.990
2002-06-01,-0.192,-0.022,0.200,88.063,-11.930,-5.360,1.550,5.420,0.000,0.500,0.220,0.620
2002-05-01,0.273,-0.004,-0.200,88.063,18.200,-3.490,-1.980,-1.930,0.000,-0.030,1.150,0.350
2002-04-01,-0.849,-0.033,0.300,88.063,5.650,-3.660,0.980,4.510,0.020,4.150,2.320,0.300
2002-03-01,0.704,0.010,-0.200,119.211,5.750,-0.220,4.570,-4.190,-0.010,-5.930,-3.550,-0.950
2002-02-01,-0.189,-0.056,-0.400,119.211,14.600,-1.310,2.260,0.500,0.010,1.250,1.200,0.510
2002-01-01,-0.258,0.035,0.200,119.211,3.400,3.380,-0.360,-2.710,-0.090,1.310,0.250,0.200
2001-12-01,-0.235,0.003,0.100,39.058,4.550,1.660,0.400,-0.040,-0.270,-3.250,-2.360,-1.070
2001-11-01,0.856,-0.010,-0.200,39.058,-5.250,0.400,-1.740,-9.720,-0.400,-5.660,-1.670,-0.540
2001-10-01,-0.096,0.014,0.100,39.058,-13.300,1.190,-2.250,1.630,-0.580,4.940,1.670,0.970
2001-09-01,-0.035,0.046,0.000,-57.178,18.500,0.420,-3.770,7.010,-0.580,-0.530,1.970,1.090
2001-08-01,0.134,-0.010,0.100,-57.178,7.600,-3.850,0.850,3.300,-0.120,2.000,0.800,0.450
2001-07-01,-0.368,-0.029,0.000,-57.178,-4.000,-2.360,0.100,2.560,-0.200,3.720,2.080,1.020
2001-06-01,-0.030,-0.062,-0.200,88.574,4.800,0.560,-2.120,-3.580,-0.240,-0.570,-0.690,-0.270
2001-05-01,-0.372,0.070,-0.100,88.574,2.000,3.240,-0.090,-2.840,-0.590,0.410,-0.090,0.090
2001-04-01,0.410,-0.070,0.400,88.574,6.100,-1.680,2.170,-3.160,-0.510,-3.720,-1.400,-0.030
2001-03-01,0.219,0.041,-0.200,-46.645,-9.300,5.630,-1.100,0.290,-0.180,-1.400,0.740,0.250
2001-02-01,-0.208,0.009,-0.200,-46.645,1.400,1.470,-1.270,6.330,-0.490,1.530,0.690,0.220
2001-01-01,0.366,0.092,0.100,-46.645,-6.550,1.250,1.860,-4.830,-0.420,-0.560,0.530,1.040
2000-12-01,-0.083,-0.054,0.200,84.453,2.050,-5.820,-7.020,-2.800,-0.110,2.030,1.510,0.700
2000-11-01,-0.236,-0.078,-0.200,84.453,5.300,-1.520,1.120,6.020,0.000,2.750,1.360,0.510
2000-10-01,-0.126,0.041,0.100,84.453,-9.200,3.620,1.860,3.060,-0.010,1.180,0.140,0.160
2000-09-01,0.390,-0.040,0.000,14.404,-3.500,0.430,-2.280,3.730,0.020,-1.720,0.610,0.240
2000-08-01,-0.324,0.016,-0.100,14.404,0.500,3.200,5.690,-3.900,-0.040,1.790,0.740,0.310
2000-07-01,0.271,0.046,0.100,14.404,-12.850,2.790,-5.070,1.200,0.010,1.250,0.180,0.290
2000-06-01,-0.325,0.013,-0.100,252.761,17.950,-2.110,3.490,-4.110,0.260,1.650,1.320,0.490
2000-05-01,-0.149,-0.080,0.200,252.761,-1.350,-1.300,3.270,-2.550,0.250,-0.870,0.120,-0.050
2000-04-01,0.623,0.041,-0.400,252.761,-5.450,4.830,-1.160,2.090,0.170,-1.130,-0.920,-0.460
2000-03-01,-0.154,0.004,0.200,50.167,-13.170,-0.720,-3.530,0.740,0.120,2.630,0.970,0.180
2000-02-01,-0.480,-0.033,-0.200,50.167,8.890,0.910,2.790,-1.580,0.280,2.840,0.670,0.280
2000-01-01,-0.015,0.037,0.400,50.167,-5.020,3.440,2.040,0.310,0.150,1.280,-1.160,-0.680
1999-12-01,0.077,-0.042,-0.200,223.209,-2.630,-0.380,1.010,0.460,-0.120,-20.970,-9.340,-3.950
1999-11-01,0.018,0.032,0.200,223.209,-8.420,2.980,2.840,1.980,0.220,-1.680,-0.590,-0.270
1999-10-01,0.240,0.022,-0.200,223.209,-0.200,0.730,-2.760,-3.210,-0.020,-0.350,-0.520,-0.400
1999-09-01,-0.165,-0.023,0.100,178.023,43.950,-1.660,2.400,0.960,0.150,-0.400,0.110,0.270
1999-08-01,-0.045,0.044,-0.100,178.023,-0.400,0.320,1.580,-0.190,0.080,-0.630,-0.020,-0.110
1999-07-01,-0.044,-0.038,0.100,178.023,-6.550,-2.990,1.240,3.550,0.230,-0.940,-0.620,-0.210
1999-06-01,-0.113,-0.007,0.000,111.151,-7.850,0.020,2.450,-4.300,0.020,-2.000,-0.550,-0.230
1999-05-01,0.166,-0.004,-0.200,111.151,-16.300,1.620,-1.820,0.320,0.000,-2.280,-1.590,-0.580
1999-04-01,0.160,-0.004,0.400,111.151,6.600,0.970,1.900,1.810,-0.070,-0.370,-0.300,-0.120
1999-03-01,-0.693,-0.006,-0.100,123.927,-6.750,1.230,4.490,-4.620,0.050,-0.910,0.880,0.200
1999-02-01,0.646,0.000,0.100,123.927,0.450,2.650,-0.480,1.630,0.130,-6.530,-2.880,-1.020
1999-01-01,0.059,0.038,-0.100,123.927,-1.900,2.080,0.700,1.830,-0.050,0.220,0.100,-0.040
1998-12-01,-0.183,-0.030,-0.200,208.918,-4.700,-2.220,0.830,-1.590,-0.150,-2.060,-0.020,0.000
1998-11-01,-0.062,0.027,0.100,208.918,0.400,2.560,-3.200,-2.040,-0.240,0.930,-1.280,-0.570
1998-10-01,0.807,0.038,0.000,208.918,-4.400,-2.400,-1.720,-12.900,-0.440,-2.560,-0.310,0.450
1998-09-01,-0.180,-0.036,0.300,161.413,20.300,-4.110,2.800,-3.330,-0.040,4.350,3.280,0.780
1998-08-01,-0.494,0.003,-0.200,161.413,-9.800,-0.960,-0.870,19.480,0.010,4.530,2.190,0.940
1998-07-01,0.160,-0.021,-0.100,161.413,-10.500,0.110,0.030,5.090,-0.020,-1.000,-0.210,0.080
1998-06-01,0.150,0.012,0.400,117.597,4.000,0.550,-1.020,-1.610,0.070,1.870,0.470,0.020
1998-05-01,-0.424,0.021,-0.300,117.597,-13.700,0.840,-0.190,0.140,0.040,1.500,0.330,0.080
1998-04-01,0.128,-0.038,0.500,117.597,5.700,-1.780,-0.220,-3.040,-0.040,-0.030,0.010,0.020
1998-03-01,-0.074,0.021,0.000,126.247,1.800,1.610,0.170,5.670,-0.020,-0.530,-0.200,-0.070
1998-02-01,0.336,-0.025,0.300,126.247,-3.300,-0.920,-1.770,-2.920,-0.050,-1.500,-0.890,-0.420
1998-01-01,-0.092,-0.001,-0.900,126.247,13.400,1.110,-0.430,-2.540,0.060,1.810,1.350,0.580
1997-12-01,-0.185,0.000,0.500,106.485,-7.950,1.760,-1.510,-3.420,-0.020,1.280,0.590,0.210
1997-11-01,0.321,0.041,-0.300,106.485,-14.450,2.410,-1.930,-7.660,0.020,0.720,-0.380,-0.280
1997-10-01,-0.036,-0.004,0.000,106.485,-23.000,-1.520,-0.100,12.180,-0.040,3.190,1.000,0.420
1997-09-01,-0.562,-0.004,-0.400,153.789,10.300,-2.080,1.570,-1.850,0.000,2.160,0.660,0.130
1997-08-01,0.815,-0.061,0.000,153.789,-0.400,-0.500,-0.530,3.280,0.020,-3.630,-1.230,-0.350
1997-07-01,-0.328,0.032,0.000,153.789,-9.400,4.100,0.340,-0.050,-0.040,5.690,2.090,0.730
1997-06-01,-0.109,0.026,0.200,201.749,-10.700,0.630,-1.080,2.340,0.060,1.030,0.300,0.030
1997-05-01,0.140,-0.041,0.000,201.749,5.300,-2.230,0.670,-0.870,-0.010,0.750,0.310,0.220
1997-04-01,-0.543,0.039,-0.100,201.749,-11.800,2.530,-0.200,-2.080,0.120,2.060,0.980,0.450
1997-03-01,0.298,-0.037,0.000,77.697,-12.100,-0.430,0.110,1.040,0.200,-3.690,-1.750,-0.910
1997-02-01,-0.021,-0.024,-0.200,77.697,18.900,1.980,-3.850,1.630,-0.060,-0.530,-0.420,-0.200
1997-01-01,-0.307,0.050,0.100,77.697,-23.700,5.060,-1.770,-1.450,-0.040,-1.180,-0.120,0.020
1996-12-01,0.674,-0.009,0.100,123.712,-3.350,-0.020,2.170,3.780,-0.020,-3.600,-1.820,-0.680
1996-11-01,0.069,0.016,0.200,123.712,-6.550,0.600,0.400,-0.970,0.070,3.220,1.180,0.380
1996-10-01,-0.120,-0.024,-0.400,123.712,-0.600,-0.440,-1.030,1.160,-0.060,3.810,1.640,0.730
1996-09-01,-0.389,0.015,0.500,105.923,-8.200,1.380,2.130,-0.060,0.080,1.880,0.790,0.240
1996-08-01,0.065,0.023,0.000,105.923,-0.300,0.580,1.830,-2.450,-0.180,-1.810,-0.620,-0.140
1996-07-01,0.214,-0.018,-0.200,105.923,6.600,-1.890,-0.500,5.780,0.130,-0.410,-0.330,-0.110
1996-06-01,-0.301,0.003,-0.200,193.722,-10.550,-0.150,1.160,-2.390,0.030,1.470,0.670,0.100
1996-05-01,-0.176,-0.028,0.300,193.722,-0.650,-0.180,-1.440,0.240,0.020,-1.100,-0.840,-0.290
1996-04-01,0.114,0.020,0.000,193.722,-3.800,1.540,-0.270,-3.050,-0.090,-2.310,-1.030,-0.440
1996-03-01,-0.296,0.013,-0.100,86.351,-4.300,0.120,1.930,1.840,0.090,-3.370,-1.750,-0.700
1996-02-01,0.526,-0.057,-0.300,86.351,-6.700,-1.110,1.800,4.510,-0.340,-6.100,-2.160,-0.960
1996-01-01,0.171,0.053,0.400,86.351,19.350,2.600,-1.810,0.010,-0.040,-0.530,0.450,0.420
1995-12-01,0.109,-0.023,-0.300,77.757,-0.200,-0.540,1.370,0.940,-0.200,2.060,0.890,0.420
1995-11-01,-0.121,0.023,0.000,77.757,4.750,1.650,0.540,-2.250,0.040,2.350,1.190,0.390
1995-10-01,-0.054,0.011,0.000,77.757,-1.050,-0.720,0.100,1.090,-0.040,2.720,0.950,0.430
1995-09-01,0.034,-0.060,0.400,96.589,1.150,-1.170,-0.300,1.220,0.060,1.180,0.210,0.000
1995-08-01,-0.355,0.049,-0.500,96.589,-0.150,3.920,0.280,-1.970,-0.110,1.940,0.500,0.100
1995-07-01,0.296,0.004,0.400,96.589,-1.800,-0.040,0.160,2.110,-0.150,-2.310,-0.670,-0.190
1995-06-01,0.690,-0.021,-0.300,33.770,0.300,-0.940,-1.490,-1.470,-0.010,0.500,-0.050,0.100
1995-05-01,-0.626,0.003,0.200,33.770,-2.650,0.750,-1.490,1.100,-0.040,7.690,3.330,1.350
1995-04-01,-0.136,0.044,0.000,33.770,-4.000,-0.160,1.210,-1.620,0.070,1.430,0.900,0.480
1995-03-01,0.367,-0.024,-0.400,40.019,13.900,-3.840,0.680,1.620,0.060,-0.060,-0.320,-0.280
1995-02-01,-0.122,-0.002,0.400,40.019,1.800,-2.110,0.100,-0.210,0.390,2.500,2.100,1.060
1995-01-01,-0.177,-0.006,-0.100,40.019,-7.800,-0.660,0.630,-1.240,0.080,2.310,1.290,1.010
1994-12-01,-0.169,-0.041,0.100,127.756,1.600,-0.500,-0.290,-2.750,0.160,0.470,-0.570,-0.900
1994-11-01,-0.110,0.053,-0.200,127.756,-2.750,3.410,-0.140,1.390,0.530,0.350,-0.980,-0.810
1994-10-01,-0.226,-0.006,0.100,127.756,-10.850,-2.230,-0.200,0.280,0.030,-0.600,-0.560,-0.150
1994-09-01,0.365,-0.009,0.000,64.815,8.600,-1.730,0.830,2.310,0.260,-4.780,-2.600,-1.290
1994-08-01,0.277,-0.004,0.400,64.815,2.800,-0.350,-2.740,0.840,0.210,-1.060,0.000,-0.010
1994-07-01,-0.385,0.021,-0.600,64.815,-2.300,0.280,0.930,-3.840,0.010,3.560,1.380,0.600
1994-06-01,0.062,-0.018,0.400,148.245,-1.100,-2.750,1.060,1.940,0.240,-2.340,-1.410,-0.730
1994-05-01,-0.192,0.002,-0.300,148.245,9.900,0.300,1.410,-0.740,0.450,-0.940,-0.340,-0.170
1994-04-01,-0.302,0.013,0.300,148.245,-14.900,-1.310,2.110,-6.680,0.220,-1.750,-1.300,-0.750
1994-03-01,0.117,-0.006,0.000,105.129,10.350,-1.100,0.310,5.580,0.090,-6.160,-3.370,-1.450
1994-02-01,0.630,-0.014,-0.200,105.129,-0.750,-1.300,-0.710,4.240,0.200,-4.750,-2.240,-0.850
1994-01-01,-0.112,-0.006,0.100,105.129,-8.500,-1.490,1.020,-1.030,0.090,2.660,1.190,0.440
1993-12-01,-0.427,-0.016,-0.100,145.381,20.300,1.030,-1.260,-2.100,-0.060,-1.000,-0.750,-0.460
1993-11-01,0.351,-0.003,0.100,145.381,1.600,0.730,-1.490,2.300,0.030,-3.250,-1.030,-0.260
1993-10-01,0.118,0.044,-0.200,145.381,13.400,2.020,-1.870,-1.530,-0.100,0.220,-0.080,-0.070
1993-09-01,0.291,0.005,0.300,50.759,-17.050,-0.510,0.500,1.140,0.060,-1.160,-0.440,-0.310
1993-08-01,-0.394,-0.062,-0.100,50.759,-34.550,-2.140,0.410,0.120,-0.030,4.190,1.860,0.660
1993-07-01,0.363,-0.017,0.300,50.759,29.800,1.690,-0.970,0.470,0.020,1.560,-0.150,-0.050
1993-06-01,-0.433,0.049,-0.400,61.572,-1.750,5.470,-1.170,-2.210,0.040,3.500,0.680,0.060
1993-05-01,0.116,0.022,0.200,61.572,23.400,-0.970,-0.510,1.050,0.040,0.280,-0.720,-0.660
1993-04-01,-0.026,-0.005,-0.200,61.572,18.600,-2.800,0.090,-0.110,-0.110,0.630,0.960,0.500
1993-03-01,0.359,-0.039,0.200,17.627,8.550,-1.480,-0.160,-0.630,0.040,-1.350,-0.800,-0.360
1993-02-01,-0.019,0.027,0.200,17.627,-1.400,1.050,0.340,0.740,0.010,3.690,1.690,0.700
1993-01-01,-0.091,-0.019,-0.300,17.627,-3.300,-0.500,0.760,-0.150,0.100,2.530,2.730,0.960
1992-12-01,-0.377,-0.013,0.000,108.975,-1.400,2.750,-0.390,-0.440,-0.170,1.500,0.140,0.110
1992-11-01,-0.296,-0.033,0.600,108.975,-5.150,2.730,-0.730,-3.140,-0.010,0.410,-1.080,-0.490
1992-10-01,0.685,0.041,0.000,108.975,-8.850,5.290,-1.090,1.870,-0.120,-2.560,-2.140,-1.010
1992-09-01,-0.158,0.052,-0.500,102.244,6.100,3.980,0.230,0.700,-0.080,0.150,0.360,0.140
1992-08-01,0.335,-0.008,0.100,102.244,-15.400,-3.470,-0.390,0.410,0.050,0.320,1.360,0.750
1992-07-01,-0.228,0.015,-0.300,102.244,14.600,-2.190,0.270,-0.180,-0.510,4.180,2.210,0.920
1992-06-01,0.062,-0.012,-0.100,110.994,6.700,-2.720,-0.510,-0.510,-0.060,-0.150,0.540,0.160
1992-05-01,-0.314,-0.027,0.200,110.994,-0.600,-2.830,1.260,-1.670,0.090,2.690,1.710,0.800
1992-04-01,-0.225,-0.003,0.000,110.994,-6.250,-0.550,1.410,-0.650,-0.250,-0.600,0.530,0.630
1992-03-01,0.302,-0.009,-0.300,121.106,-9.700,1.560,0.760,-0.500,-0.080,-2.690,-1.920,-1.200
1992-02-01,-0.601,-0.024,0.600,121.106,-3.900,0.910,-0.220,-0.720,0.030,0.380,0.010,0.050
1992-01-01,1.252,0.090,-0.400,121.106,2.700,3.720,-0.220,-1.910,-0.400,-3.720,-1.830,-0.680
1991-12-01,-0.627,-0.032,0.100,35.134,-13.600,-3.680,-2.360,-0.950,-0.380,5.000,1.580,0.770
1991-11-01,-0.018,-0.025,-0.200,35.134,9.950,-2.150,-1.890,4.780,-0.400,-0.060,0.950,0.730
1991-10-01,0.332,0.045,0.500,35.134,3.900,-0.200,1.140,-0.370,-0.240,-0.190,0.970,0.690
1991-09-01,-0.019,-0.042,-0.300,50.685,5.500,-2.930,-0.030,1.390,-0.210,1.940,1.070,0.230
1991-08-01,-0.268,0.032,-0.300,50.685,-15.400,-0.420,0.580,-0.720,-0.160,3.220,1.920,1.020
1991-07-01,-0.246,-0.069,0.500,50.685,-4.300,-2.920,1.120,-4.370,-0.080,1.220,0.780,0.530
1991-06-01,0.128,0.031,0.000,77.594,6.750,3.610,-0.570,3.620,0.120,-2.130,-1.220,-0.700
1991-05-01,0.089,0.003,0.100,77.594,4.900,1.250,0.170,-2.310,-0.130,-0.660,0.050,0.240
1991-04-01,-0.065,-0.083,0.100,77.594,1.000,-0.860,1.330,1.360,-0.210,0.940,0.430,0.370
1991-03-01,-0.005,0.068,-0.200,-46.788,-10.550,8.640,0.470,-4.350,-0.130,-0.690,-0.600,-0.230
1991-02-01,0.082,0.027,-0.100,-46.788,-0.200,2.040,-2.380,0.320,-0.660,-0.150,-0.160,0.020
1991-01-01,0.119,-0.007,0.200,-46.788,-26.650,-1.580,-6.900,-5.470,-0.400,0.590,0.310,0.220
1990-12-01,0.194,0.003,-0.200,-91.865,10.750,0.840,-0.410,4.220,-0.500,0.840,0.750,0.650
1990-11-01,-0.188,0.020,0.200,-91.865,2.050,-0.510,-6.380,-7.880,-0.300,3.790,1.250,0.210
1990-10-01,-0.134,-0.020,-0.200,-91.865,-22.950,-2.960,-4.280,0.930,-0.090,1.710,0.970,0.490
1990-09-01,-0.557,0.000,0.100,6.714,20.150,-0.330,12.190,-0.790,0.070,0.220,0.190,0.140
1990-08-01,0.580,0.032,0.000,6.714,12.250,-0.580,6.630,8.790,-0.020,-5.530,-1.610,-0.910
1990-07-01,0.123,-0.021,-0.200,6.714,13.700,-4.210,3.620,5.610,-0.140,0.350,0.980,
1990-06-01,0.260,-0.024,0.300,36.469,-6.850,-1.470,-0.330,-1.870,0.110,1.430,0.880,
1990-05-01,-0.907,0.018,0.000,36.469,-5.000,-0.170,-1.140,-2.150,-0.080,4.100,1.700,
1990-04-01,0.358,-0.008,0.100,36.469,-1.550,-0.920,-1.740,-0.210,-0.020,-3.070,-1.310,
1990-03-01,-0.010,-0.003,-0.400,108.619,-36.300,0.710,-1.260,-2.260,0.040,-1.430,-0.830,
1990-02-01,-0.386,0.008,-0.400,108.619,-4.950,0.670,-1.140,,0.010,-0.940,-0.480,
1990-01-01,0.395,0.036,0.400,108.619,8.650,-1.110,0.860,,-0.220,-4.410,-2.080,
1989-12-01,0.180,-0.020,-0.100,19.539,-8.650,-2.390,1.930,,-0.100,-0.810,-0.250,
1989-11-01,0.295,-0.008,0.000,19.539,37.800,-2.090,-0.050,,-0.290,0.130,0.260,
1989-10-01,-0.427,0.021,0.000,19.539,7.760,-0.150,-0.190,,-0.180,3.500,2.000,
1989-09-01,-0.397,-0.076,0.100,72.935,7.850,-3.900,1.300,,0.030,-0.410,-0.230,
1989-08-01,0.729,0.083,-0.700,72.935,-11.780,5.050,0.520,,-0.250,-3.500,-3.100,
1989-07-01,0.221,-0.031,0.800,72.935,-3.370,-4.810,-1.960,,-0.290,1.810,1.880,
1989-06-01,-0.091,-0.060,-0.400,74.568,12.210,-0.810,0.370,,-0.280,4.880,2.590,
1989-05-01,-0.129,0.057,-0.100,74.568,-16.490,5.290,-0.520,,-0.030,2.870,1.440,
1989-04-01,-0.267,-0.041,0.100,74.568,-6.940,-0.380,0.230,,-0.010,1.780,1.660,
1989-03-01,-0.339,0.053,0.100,98.320,-2.240,3.250,2.040,,0.490,0.320,-0.190,
1989-02-01,0.462,-0.063,-0.100,98.320,-3.410,-1.920,1.120,,0.240,-2.720,-1.340,
1989-01-01,-0.225,0.028,0.100,98.320,-19.080,4.500,-0.210,,0.360,1.690,0.280,
1988-12-01,-0.337,0.035,0.200,127.199,-14.210,1.690,1.920,,0.410,0.650,-0.800,
1988-11-01,0.635,0.027,-0.100,127.199,11.440,-3.290,1.740,,0.050,-2.940,-2.020,
1988-10-01,0.182,-0.049,-0.200,127.199,18.130,-3.890,0.210,,0.110,2.660,1.100,
1988-09-01,-0.533,-0.006,0.100,55.612,-36.550,-0.660,-1.810,,0.180,2.690,1.220,
1988-08-01,-0.172,-0.015,0.500,55.612,-5.120,0.860,-1.130,,0.260,-0.130,-0.660,
1988-07-01,0.711,-0.026,-0.300,55.612,0.780,2.210,1.150,,0.240,-2.560,-1.000,
1988-06-01,-0.749,0.026,-0.200,123.092,-19.490,4.300,-2.350,,0.420,2.940,,
1988-05-01,0.048,0.012,0.300,123.092,4.460,1.860,-0.480,,0.220,-2.100,,
1988-04-01,-0.119,0.024,-0.300,123.092,-3.900,0.740,0.910,,0.290,-2.150,,
1988-03-01,0.537,-0.021,0.300,48.170,23.620,-2.070,1.070,,0.000,-4.600,,
1988-02-01,0.442,-0.043,-0.100,48.170,-23.780,0.060,-0.930,,-0.250,0.750,,
1988-01-01,-0.407,0.081,-0.100,48.170,-31.840,4.820,0.240,,0.060,5.940,,
1987-12-01,-0.345,0.012,0.100,157.308,-4.610,-3.530,-1.810,,0.080,0.310,,
1987-11-01,1.028,0.003,0.100,157.308,21.790,-4.590,-1.450,,-0.600,0.100,,
1987-10-01,-1.505,-0.055,-0.200,157.308,9.690,-5.180,0.370,,0.070,5.870,,
1987-09-01,0.354,0.031,0.300,78.768,6.120,1.530,-0.140,,0.490,-5.810,,
1987-08-01,0.027,-0.035,-0.200,78.768,-10.870,-2.610,-1.640,,0.150,-2.000,,
1987-07-01,0.417,0.011,-0.300,78.768,15.090,1.440,1.080,,-0.150,-2.000,,
1987-06-01,-0.451,-0.012,0.300,96.889,-2.630,0.710,0.910,,-0.120,-0.560,,
1987-05-01,-0.373,0.019,0.000,96.889,-2.330,1.700,0.650,,0.480,-1.000,,
1987-04-01,0.381,0.005,-0.100,96.889,35.840,-1.420,-0.100,,0.240,-5.410,,
1987-03-01,0.295,-0.009,0.100,66.174,12.490,-1.870,2.230,,0.030,-2.970,,
1987-02-01,0.077,0.038,-0.300,66.174,1.840,-1.010,-2.150,,-0.330,1.780,,
1987-01-01,-0.073,-0.017,0.800,66.174,13.240,-3.750,0.810,,-0.480,1.470,,
1986-12-01,0.116,0.017,-0.500,47.592,1.230,-1.910,2.940,,0.870,-1.530,,
1986-11-01,0.019,-0.057,-0.100,47.592,-10.920,-3.540,-0.270,,0.190,1.630,,
1986-10-01,-0.631,0.021,0.200,47.592,-22.930,2.150,0.500,,-0.040,1.530,,
1986-09-01,0.915,0.017,-0.100,84.077,39.360,0.820,-1.130,,-0.280,-5.850,,
1986-08-01,-0.397,0.020,-0.200,84.077,28.810,-1.860,4.750,,-0.390,4.600,,
1986-07-01,0.718,0.016,0.100,84.077,11.120,-3.470,-1.630,,-0.360,-1.750,,
1986-06-01,-1.423,-0.129,0.200,39.397,3.540,-5.600,-1.520,,0.070,5.680,,
1986-05-01,0.706,0.137,-0.100,39.397,-5.720,5.030,0.960,,-0.140,-6.870,,
1986-04-01,0.754,-0.110,-0.100,39.397,7.600,-5.460,2.920,,-0.490,-1.560,,
1986-03-01,0.137,0.118,-0.200,80.939,0.000,2.930,-2.840,,-0.380,7.500,,
1986-02-01,-0.958,-0.049,0.300,80.939,-12.400,-6.760,-5.570,,-0.280,9.650,,
1986-01-01,0.699,0.003,0.000,80.939,20.800,-1.640,-7.470,,-0.130,-0.060,,
1985-12-01,-0.281,0.015,0.000,63.968,1.300,,-3.450,,0.220,3.560,,
1985-11-01,-0.063,-0.012,-0.300,63.968,3.100,,-0.630,,0.060,3.130,,
1985-10-01,-0.264,0.023,0.300,63.968,-0.700,,1.300,,0.070,2.940,,
1985-09-01,0.200,-0.056,-0.100,129.433,-7.200,,1.000,,0.020,-1.530,,
1985-08-01,-0.554,0.092,0.000,129.433,5.700,,0.960,,0.020,1.930,,
1985-07-01,0.373,-0.075,0.000,129.433,9.800,,0.250,,0.350,-1.870,,
1985-06-01,1.054,0.006,0.000,73.967,3.700,,-0.970,,-0.440,-0.280,,
1985-05-01,-0.866,-0.027,0.200,73.967,-7.300,,0.210,,-0.300,6.590,,
1985-04-01,0.049,0.115,-0.300,73.967,-7.900,,-0.660,,-0.310,1.030,,
1985-03-01,-1.071,-0.190,0.100,80.621,41.500,,1.560,,0.080,0.840,,
1985-02-01,1.177,0.075,0.100,80.621,-18.900,,0.320,,0.150,-4.310,,
1985-01-01,-0.345,-0.015,0.000,80.621,-1.700,,0.000,,-0.030,2.130,,
1984-12-01,0.135,-0.003,0.000,67.734,-20.700,,-0.900,,-1.050,-0.560,,
1984-11-01,0.497,0.035,-0.300,67.734,-4.500,,-1.150,,-0.560,0.840,,
1984-10-01,-0.287,-0.087,0.500,67.734,-10.200,,-1.200,,-1.310,3.560,,
1984-09-01,-0.357,0.076,-0.400,78.795,-4.500,,0.430,,-0.340,1.410,,
1984-08-01,0.891,-0.046,0.200,78.795,5.900,,1.630,,0.410,1.310,,
1984-07-01,-0.884,0.024,0.200,78.795,-30.700,,-2.150,,0.170,4.880,,
1984-06-01,-1.120,0.016,-0.400,138.823,-11.200,,-1.080,,0.740,-0.540,,
1984-05-01,0.777,-0.046,0.200,138.823,8.400,,0.570,,0.030,-4.530,,
1984-04-01,-0.199,0.053,-0.100,138.823,-12.700,,-0.590,,0.380,-1.530,,
1984-03-01,0.128,0.089,0.100,154.053,-5.700,,0.300,,0.320,-2.620,,
1984-02-01,0.511,-0.132,0.100,154.053,20.500,,0.570,,0.030,-1.970,,
1984-01-01,-0.313,0.027,-0.300,154.053,-7.800,,0.380,,0.090,0.780,,
1983-12-01,0.266,-0.014,0.000,161.048,-23.500,,0.370,,0.130,-1.590,,
1983-11-01,-0.409,0.028,0.400,161.048,23.000,,-1.140,,-0.140,0.930,,
1983-10-01,0.717,0.021,-0.200,161.048,-23.000,,0.010,,0.030,-2.030,,
1983-09-01,-0.466,-0.047,0.100,151.290,-9.200,,-1.230,,-0.110,2.940,,
1983-08-01,-0.748,-0.019,-0.200,151.290,-7.800,,-0.410,,0.190,-0.160,,
1983-07-01,0.738,0.034,0.100,151.290,6.000,,0.620,,0.390,-4.500,,
1983-06-01,-0.542,-0.016,0.100,168.390,-21.500,,1.130,,0.350,-0.220,,
1983-05-01,0.978,0.014,-0.100,168.390,8.300,,-0.380,,-0.170,-4.280,,
1983-04-01,-0.750,-0.007,0.100,168.390,14.500,,,,0.030,2.970,,
1983-03-01,0.942,0.027,-0.100,96.249,6.200,,,,0.260,-1.340,,
1983-02-01,-1.011,-0.037,0.000,96.249,-91.000,,,,-0.170,3.970,,
1983-01-01,1.393,0.065,-0.100,96.249,42.600,,,,-0.270,-3.280,,
1982-12-01,-1.073,-0.008,0.000,2.921,20.900,,,,-0.250,1.210,,
1982-11-01,1.006,-0.047,0.300,2.921,17.800,,,,-0.510,-1.120,,
1982-10-01,-0.072,0.004,-0.200,2.921,21.200,,,,-0.600,5.470,,
1982-09-01,0.070,-0.001,-0.200,-28.016,-14.500,,,,0.190,4.120,,
1982-08-01,-0.123,0.013,0.500,-28.016,68.600,,,,-2.470,4.130,,
1982-07-01,-1.377,-0.059,-0.100,-28.016,25.400,,,,-1.560,2.120,,
1982-06-01,0.699,0.057,0.000,33.281,-7.750,,,,-0.300,-2.150,,
1982-05-01,0.236,0.036,-0.200,33.281,-36.000,,,,-0.490,-0.350,,
1982-04-01,-0.506,-0.054,0.300,33.281,41.030,,,,0.260,1.250,,
1982-03-01,0.370,-0.013,-0.200,-115.137,-42.380,,,,-0.100,0.940,,
1982-02-01,-0.322,0.010,0.000,-115.137,-24.400,,,,1.560,0.280,,
1982-01-01,-0.585,0.009,0.100,-115.137,-14.000,,,,0.850,-1.190,,
1981-12-01,2.129,0.036,0.000,-81.637,-13.500,,,,-0.940,-3.650,,
1981-11-01,-0.181,-0.010,-0.300,-81.637,-12.500,,,,-1.770,6.870,,
1981-10-01,-1.659,0.040,0.300,-81.637,-1.750,,,,-0.790,1.810,,
1981-09-01,-0.269,-0.046,-0.200,88.660,1.750,,,,-1.950,-0.500,,
1981-08-01,-0.082,-0.029,-0.100,88.660,21.000,,,,-1.220,-3.650,,
1981-07-01,0.353,0.002,0.200,88.660,-20.000,,,,-0.060,-3.350,,
1981-06-01,1.134,-0.022,-0.100,-55.277,-53.250,,,,0.580,-0.370,,
1981-05-01,-1.673,0.004,0.100,-55.277,-3.500,,,,2.800,3.190,,
1981-04-01,1.297,0.051,-0.100,-55.277,-31.000,,,,1.020,-5.280,,
1981-03-01,-1.051,-0.024,0.300,143.345,24.750,,,,-1.230,1.960,,
1981-02-01,0.482,-0.041,-0.300,143.345,-17.500,,,,-3.150,-3.960,,
1981-01-01,0.274,0.044,0.100,143.345,-79.500,,,,0.180,-2.220,,
1980-12-01,-0.012,0.000,-0.100,133.934,-37.000,,,,3.050,3.030,,
1980-11-01,-0.596,-0.018,0.000,133.934,-6.000,,,,3.040,0.370,,
1980-10-01,-0.405,0.025,0.200,133.934,-37.750,,,,1.940,-3.000,,
1980-09-01,0.410,-0.001,0.000,-8.546,35.500,,,,1.260,-2.500,,
1980-08-01,-0.229,0.000,-0.300,-8.546,17.000,,,,0.580,-2.280,,
1980-07-01,1.592,0.011,0.000,-8.546,-39.250,,,,-0.440,-5.750,,
1980-06-01,-0.264,0.006,0.100,-151.268,118.000,,,,-1.510,1.750,,
1980-05-01,1.374,0.038,-0.300,-151.268,17.500,,,,-6.630,2.380,,
1980-04-01,-1.790,-0.108,0.400,-151.268,23.000,,,,0.420,9.220,,
1980-03-01,-1.684,0.049,-0.100,23.022,-142.000,,,,3.060,-0.440,,
1980-02-01,0.869,0.006,-0.100,23.022,-16.000,,,,0.310,-6.220,,
1980-01-01,0.980,0.011,-0.100,23.022,141.000,,,,0.040,-7.690,,
1979-12-01,-0.610,0.018,0.100,18.254,96.100,,,,0.600,0.500,,
1979-11-01,-0.620,-0.045,0.200,18.254,33.650,,,,-0.590,1.750,,
1979-10-01,0.670,0.046,-0.100,18.254,-15.250,,,,2.340,-7.840,,
1979-09-01,0.220,-0.022,-0.100,53.827,82.150,,,,0.490,-1.720,,
1979-08-01,0.040,0.001,0.000,53.827,18.650,,,,0.470,-1.030,,
1979-07-01,0.380,0.018,0.000,53.827,19.200,,,,0.180,-1.310,,
1979-06-01,-0.410,-0.027,0.000,7.727,2.650,,,,0.050,2.150,,
1979-05-01,0.010,-0.003,0.200,7.727,29.300,,,,0.230,1.500,,
1979-04-01,0.040,0.005,-0.300,7.727,5.200,,,,-0.080,-1.970,,
1979-03-01,0.020,0.008,0.100,12.977,-11.200,,,,0.030,0.690,,
1979-02-01,-0.090,-0.020,0.200,12.977,17.850,,,,-0.010,-2.030,,
1979-01-01,-0.110,0.050,-0.100,12.977,7.700,,,,0.040,1.160,,
1978-12-01,0.030,-0.100,-0.100,95.835,32.600,,,,0.270,-2.970,,
1978-11-01,-0.050,0.126,0.000,95.835,-49.200,,,,0.800,2.150,,
1978-10-01,0.210,-0.046,-0.200,95.835,25.500,,,,0.510,-2.150,,
1978-09-01,0.240,0.000,0.300,70.995,8.400,,,,0.410,-2.250,,
1978-08-01,-0.410,0.000,0.000,70.995,8.200,,,,0.230,2.000,,
1978-07-01,0.070,-0.005,-0.100,70.995,17.450,,,,0.210,0.560,,
1978-06-01,-0.090,-0.015,0.000,262.660,-1.100,,,,0.240,-1.410,,
1978-05-01,0.090,-0.012,0.000,262.660,13.300,,,,0.470,-1.060,,
1978-04-01,0.100,0.028,-0.100,262.660,-10.750,,,,0.100,-0.470,,
1978-03-01,-0.060,0.005,0.100,21.668,-0.650,,,,0.010,-1.120,,
1978-02-01,-0.200,-0.018,0.200,21.668,6.150,,,,0.080,-0.660,,
1978-01-01,0.160,0.037,-0.300,21.668,11.140,,,,0.140,-1.810,,
1977-12-01,0.050,-0.032,0.200,0.135,4.960,,,,0.050,-2.160,,
1977-11-01,-0.120,0.009,0.400,0.135,-1.500,,,,0.040,0.570,,
1977-10-01,0.240,-0.012,-0.600,0.135,7.300,,,,0.330,-1.850,,
1977-09-01,-0.130,-0.005,0.200,119.991,8.200,,,,0.240,,,
1977-08-01,0.020,0.004,0.100,119.991,1.650,,,,0.480,,,
1977-07-01,0.230,0.003,-0.100,119.991,1.350,,,,0.030,,,
1977-06-01,-0.270,-0.003,-0.100,126.763,-0.300,,,,0.040,,,
1977-05-01,0.180,0.008,0.000,126.763,-3.950,,,,0.620,,,
1977-04-01,-0.160,-0.008,0.200,126.763,-1.650,,,,0.040,,,
1977-03-01,-0.110,0.005,-0.100,76.526,6.150,,,,0.010,,,
1977-02-01,-0.160,-0.016,0.000,76.526,10.450,,,,0.070,,,
1977-01-01,0.760,0.022,-0.100,76.526,-2.450,,,,-0.040,,,
1976-12-01,-0.300,-0.009,0.100,46.282,4.500,,,,-0.300,,,
1976-11-01,0.060,0.004,0.100,46.282,7.100,,,,-0.070,,,
1976-10-01,0.000,0.009,-0.100,46.282,6.900,,,,-0.230,,,
1976-09-01,-0.120,-0.010,-0.300,34.870,11.900,,,,-0.040,,,
1976-08-01,-0.030,-0.004,0.500,34.870,-8.450,,,,-0.020,,,
1976-07-01,0.010,0.003,-0.600,34.870,-11.000,,,,-0.170,,,
1976-06-01,-0.380,-0.008,0.500,46.376,-1.700,,,,0.190,,,
1976-05-01,0.510,-0.002,-0.100,46.376,-2.900,,,,0.470,,,
1976-04-01,-0.110,-0.008,0.200,46.376,-1.200,,,,-0.020,,,
1976-03-01,-0.110,0.008,-0.200,139.119,-2.950,,,,0.070,,,
1976-02-01,0.310,-0.002,-0.100,139.119,4.150,,,,-0.100,,,
1976-01-01,-0.210,0.009,0.000,139.119,-11.950,,,,-0.330,,,
1975-12-01,0.040,-0.019,0.100,82.204,-0.350,,,,-0.020,,,
1975-11-01,0.200,0.044,-0.100,82.204,-2.350,,,,-0.600,,,
1975-10-01,-0.320,-0.047,-0.100,82.204,1.650,,,,-0.420,,,
1975-09-01,-0.310,0.019,0.300,102.716,-18.600,,,,0.100,,,
1975-08-01,0.140,-0.054,-0.200,102.716,-6.950,,,,0.040,,,
1975-07-01,0.400,0.053,0.000,102.716,0.600,,,,0.550,,,
1975-06-01,-0.030,0.014,0.200,42.575,-0.850,,,,0.330,,,
1975-05-01,-0.670,-0.012,-0.300,42.575,0.200,,,,-0.270,,,
1975-04-01,0.160,-0.013,0.100,42.575,-9.000,,,,-0.050,,,
1975-03-01,0.450,0.015,0.200,-73.429,-6.000,,,,-0.700,,,
1975-02-01,-0.180,,-0.200,-73.429,5.950,,,,-0.890,,,
1975-01-01,0.320,,0.100,-73.429,,,,,-1.400,,,
1974-12-01,-0.030,,0.100,-23.514,,,,,-0.920,,,
1974-11-01,-0.080,,-0.500,-23.514,,,,,-0.610,,,
1974-10-01,-0.140,,0.500,-23.514,,,,,-1.280,,,
1974-09-01,-0.230,,0.000,-57.773,,,,,-0.670,,,
1974-08-01,-0.040,,-0.100,-57.773,,,,,-0.910,,,
1974-07-01,0.310,,0.000,-57.773,,,,,0.990,,,
1974-06-01,-0.110,,0.100,14.493,,,,,0.620,,,
1974-05-01,-0.230,,-0.200,14.493,,,,,0.800,,,
1974-04-01,0.050,,0.000,14.493,,,,,1.160,,,
1974-03-01,0.280,,0.100,-52.873,,,,,0.380,,,
1974-02-01,-0.280,,-0.100,-52.873,,,,,-0.680,,,
1974-01-01,0.240,,0.200,-52.873,,,,,-0.300,,,
1973-12-01,0.070,,-0.300,57.830,,,,,-0.080,,,
1973-11-01,0.240,,0.300,57.830,,,,,0.020,,,
1973-10-01,0.010,,-0.200,57.830,,,,,-0.770,,,
1973-09-01,-0.580,,0.200,-32.205,,,,,0.280,,,
1973-08-01,0.040,,-0.100,-32.205,,,,,0.100,,,
1973-07-01,0.180,,-0.100,-32.205,,,,,1.910,,,
1973-06-01,-0.130,,0.100,65.962,,,,,0.650,,,
1973-05-01,0.220,,-0.100,65.962,,,,,0.720,,,
1973-04-01,-0.110,,0.100,65.962,,,,,0.030,,,
1973-03-01,-0.110,,-0.100,146.324,,,,,0.510,,,
1973-02-01,0.080,,0.100,146.324,,,,,0.640,,,
1973-01-01,0.020,,0.100,146.324,,,,,0.610,,,
1972-12-01,0.280,,-0.200,97.366,,,,,0.270,,,
1972-11-01,-0.130,,-0.100,97.366,,,,,0.010,,,
1972-10-01,-0.410,,0.400,97.366,,,,,0.180,,,
1972-09-01,0.240,,-0.200,54.384,,,,,0.060,,,
1972-08-01,0.100,,0.000,54.384,,,,,0.260,,,
1972-07-01,0.020,,0.100,54.384,,,,,0.090,,,
1972-06-01,0.040,,-0.300,127.821,,,,,0.190,,,
1972-05-01,-0.180,,0.200,127.821,,,,,0.100,,,
1972-04-01,0.130,,0.000,127.821,,,,,0.340,,,
1972-03-01,-0.140,,0.000,101.617,,,,,0.530,,,
1972-02-01,0.110,,0.300,101.617,,,,,-0.210,,,
1972-01-01,-0.100,,-0.300,101.617,,,,,-0.630,,,
1971-12-01,0.240,,0.100,12.960,,,,,-0.770,,,
1971-11-01,0.090,,0.000,12.960,,,,,-0.290,,,
1971-10-01,0.230,,-0.200,12.960,,,,,-0.350,,,
1971-09-01,-0.290,,0.300,45.013,,,,,-0.020,,,
1971-08-01,-0.360,,-0.100,45.013,,,,,0.260,,,
1971-07-01,0.080,,0.200,45.013,,,,,0.400,,,
1971-06-01,-0.430,,-0.200,29.440,,,,,0.280,,,
1971-05-01,0.430,,0.200,29.440,,,,,0.470,,,
1971-04-01,0.540,,-0.100,29.440,,,,,0.450,,,
1971-03-01,-0.280,,0.000,143.947,,,,,-0.010,,,
1971-02-01,0.020,,-0.200,143.947,,,,,-0.420,,,
1971-01-01,0.300,,0.000,143.947,,,,,-0.760,,,
1970-12-01,0.040,,0.000,-57.405,,,,,-0.700,,,
1970-11-01,-0.430,,0.200,-57.405,,,,,-0.600,,,
1970-10-01,0.080,,-0.300,-57.405,,,,,-0.090,,,
1970-09-01,-0.210,,0.100,48.913,,,,,-0.330,,,
1970-08-01,0.450,,0.000,48.913,,,,,-0.590,,,
1970-07-01,-0.310,,-0.100,48.913,,,,,-0.400,,,
1970-06-01,-0.590,,0.100,7.512,,,,,-0.340,,,
1970-05-01,0.200,,0.000,7.512,,,,,-0.150,,,
1970-04-01,0.490,,0.200,7.512,,,,,0.340,,,
1970-03-01,-7.410,,-6.100,-7.904,,,,,-1.220,,,
1970-02-01,,,-0.100,-7.904,,,,,0.000,,,
1970-01-01,,,0.200,-7.904,,,,,0.01,,,
1969-12-01,,,-0.100,-26.044,,,,,0.12,,,
1969-11-01,,,0.000,-26.044,,,,,-0.15,,,
1969-10-01,,,-0.100,-26.044,,,,,-0.15,,,
1969-09-01,,,-0.100,34.975,,,,,-0.04,,,
1969-08-01,,,-0.200,34.975,,,,,0.58,,,
1969-07-01,,,0.100,34.975,,,,,-0.29,,,
1969-06-01,,,0.100,16.028,,,,,0.23,,,
1969-05-01,,,0.000,16.028,,,,,1.26,,,
1969-04-01,,,0.100,16.028,,,,,0.62,,,
1969-03-01,,,0.200,81.385,,,,,0.18,,,
1969-02-01,,,0.100,81.385,,,,,0.31,,,
1969-01-01,,,0.000,81.385,,,,,0.28,,,
1968-12-01,,,0.100,20.353,,,,,0.2,,,
1968-11-01,,,-0.200,20.353,,,,,-0.09,,,
1968-10-01,,,0.200,20.353,,,,,0.13,,,
1968-09-01,,,0.000,39.826,,,,,-0.25,,,
1968-08-01,,,0.000,39.826,,,,,0,,,
1968-07-01,,,0.100,39.826,,,,,-0.04,,,
1968-06-01,,,0.100,84.48,,,,,-0.05,,,
1968-05-01,,,0.000,84.48,,,,,0.36,,,
1968-04-01,,,-0.100,84.48,,,,,0.71,,,
1968-03-01,,,0.100,101.076,,,,,0.34,,,
1968-02-01,,,0.000,101.076,,,,,0.1,,,
1968-01-01,,,0.100,101.076,,,,,0.1,,,
1967-12-01,,,-0.100,37.085,,,,,0.38,,,
1967-11-01,,,0.200,37.085,,,,,0.25,,,
1967-10-01,,,0.000,37.085,,,,,-0.11,,,
1967-09-01,,,0.100,46.105,,,,,0.09,,,
1967-08-01,,,0.100,46.105,,,,,0.11,,,
1967-07-01,,,0.000,46.105,,,,,-0.19,,,
1967-06-01,,,0.100,2.988,,,,,0.04,,,
1967-05-01,,,-0.100,2.988,,,,,-0.11,,,
1967-04-01,,,0.000,2.988,,,,,-0.48,,,
1967-03-01,,,0.000,42.762,,,,,-0.47,,,
1967-02-01,,,0.100,42.762,,,,,0.06,,,
1967-01-01,,,0.200,42.762,,,,,-0.46,,,
1966-12-01,,,-0.100,39.283,,,,,-0.36,,,
1966-11-01,,,0.100,39.283,,,,,0.23,,,
1966-10-01,,,0.000,39.283,,,,,0.13,,,
1966-09-01,,,0.100,40.208,,,,,-0.13,,,
1966-08-01,,,0.000,40.208,,,,,0.23,,,
1966-07-01,,,-0.100,40.208,,,,,0.13,,,
1966-06-01,,,0.000,16.158,,,,,0.27,,,
1966-05-01,,,0.200,16.158,,,,,0.23,,,
1966-04-01,,,0.100,16.158,,,,,0.01,,,
1966-03-01,,,-0.100,112.43,,,,,0.06,,,
1966-02-01,,,0.100,112.43,,,,,0.18,,,
1966-01-01,,,-0.200,112.43,,,,,0.1,,,
1965-12-01,,,0.100,104.031,,,,,0.22,,,
1965-11-01,,,0.100,104.031,,,,,0.02,,,
1965-10-01,,,-0.100,104.031,,,,,0.06,,,
1965-09-01,,,0.100,98.202,,,,,-0.1,,,
1965-08-01,,,-0.200,98.202,,,,,0.03,,,
1965-07-01,,,-0.100,98.202,,,,,0.04,,,
1965-06-01,,,0.100,55.114,,,,,-0.05,,,
1965-05-01,,,-0.100,55.114,,,,,0.01,,,
1965-04-01,,,0.000,55.114,,,,,0.04,,,
1965-03-01,,,0.000,103.065,,,,,0.07,,,
1965-02-01,,,-0.300,103.065,,,,,0.08,,,
1965-01-01,,,0.000,103.065,,,,,0.05,,,
1964-12-01,,,0.100,13.128,,,,,0.33,,,
1964-11-01,,,-0.200,13.128,,,,,0.16,,,
1964-10-01,,,0.100,13.128,,,,,-0.09,,,
1964-09-01,,,-0.400,65.326,,,,,-0.05,,,
1964-08-01,,,-0.200,65.326,,,,,0.08,,,
1964-07-01,,,-0.200,65.326,,,,,-0.08,,,
1964-06-01,,,-0.300,45.039,,,,,0,,,
1964-05-01,,,0.000,45.039,,,,,0.03,,,
1964-04-01,,,-0.400,45.039,,,,,0.04,,,
1964-03-01,,,-0.300,85.406,,,,,-0.05,,,
1964-02-01,,,-0.500,85.406,,,,,0,,,
1964-01-01,,,-0.500,85.406,,,,,0.1,,,
1963-12-01,,,-0.500,26.392,,,,,-0.1,,,
1963-11-01,,,-0.400,26.392,,,,,-0.02,,,
1963-10-01,,,-0.300,26.392,,,,,0.02,,,
1963-09-01,,,-0.400,86.572,,,,,-0.01,,,
1963-08-01,,,-0.100,86.572,,,,,0.47,,,
1963-07-01,,,0.000,86.572,,,,,0.03,,,
1963-06-01,,,-0.100,43.701,,,,,-0.01,,,
1963-05-01,,,-0.200,43.701,,,,,0.1,,,
1963-04-01,,,-0.200,43.701,,,,,-0.08,,,
1963-03-01,,,0.100,42.061,,,,,-0.02,,,
1963-02-01,,,0.000,42.061,,,,,0.08,,,
1963-01-01,,,0.100,42.061,,,,,-0.01,,,
1962-12-01,,,0.000,12.645,,,,,-0.01,,,
1962-11-01,,,-0.100,12.645,,,,,0.04,,,
1962-10-01,,,0.000,12.645,,,,,0,,,
1962-09-01,,,0.300,46.627,,,,,-0.03,,,
1962-08-01,,,0.200,46.627,,,,,0.22,,,
1962-07-01,,,0.000,46.627,,,,,0.03,,,
1962-06-01,,,-0.100,34.002,,,,,0.32,,,
1962-05-01,,,0.000,34.002,,,,,-0.42,,,
1962-04-01,,,0.100,34.002,,,,,-0.07,,,
1962-03-01,,,-0.400,65.858,,,,,0.48,,,
1962-02-01,,,0.500,65.858,,,,,0.22,,,
1962-01-01,,,0.200,65.858,,,,,-0.18,,,
1961-12-01,,,0.100,71.037,,,,,-0.28,,,
1961-11-01,,,0.000,71.037,,,,,0.35,,,
1961-10-01,,,-0.100,71.037,,,,,0.38,,,
1961-09-01,,,0.100,68.231,,,,,-0.12,,,
1961-08-01,,,-0.100,68.231,,,,,0.83,,,
1961-07-01,,,0.100,68.231,,,,,-0.56,,,
1961-06-01,,,0.000,59.318,,,,,-0.25,,,
1961-05-01,,,0.000,59.318,,,,,0.49,,,
1961-04-01,,,0.200,59.318,,,,,-0.53,,,
1961-03-01,,,0.200,23.425,,,,,-0.52,,,
1961-02-01,,,0.100,23.425,,,,,1.09,,,
1961-01-01,,,0.200,23.425,,,,,-0.53,,,
1960-12-01,,,0.000,-45.107,,,,,-0.46,,,
1960-11-01,,,0.100,-45.107,,,,,-0.03,,,
1960-10-01,,,0.000,-45.107,,,,,-0.13,,,
1960-09-01,,,0.000,17.139,,,,,-0.38,,,
1960-08-01,,,0.000,17.139,,,,,-0.25,,,
1960-07-01,,,0.000,17.139,,,,,-0.09,,,
1960-06-01,,,0.100,-18.935,,,,,-0.53,,,
1960-05-01,,,0.300,-18.935,,,,,-0.07,,,
1960-04-01,,,0.000,-18.935,,,,,0.08,,,
1960-03-01,,,0.100,77.349,,,,,-0.13,,,
1960-02-01,,,-0.200,77.349,,,,,-0.02,,,
1960-01-01,,,-0.100,77.349,,,,,0,,,
1959-12-01,,,0.300,9.775,,,,,-0.01,,,
1959-11-01,,,0.200,9.775,,,,,0.02,,,
1959-10-01,,,-0.100,9.775,,,,,0.22,,,
1959-09-01,,,0.100,2.39,,,,,0.26,,,
1959-08-01,,,0.000,2.39,,,,,0.03,,,
1959-07-01,,,0.200,2.39,,,,,0.08,,,
1959-06-01,,,0.100,75.538,,,,,0.49,,,
1959-05-01,,,0.000,75.538,,,,,-0.06,,,
1959-04-01,,,0.000,75.538,,,,,0.16,,,
1959-03-01,,,0.300,63.097,,,,,0.37,,,
1959-02-01,,,0.200,63.097,,,,,-0.05,,,
1959-01-01,,,0.100,63.097,,,,,0.06,,,
1958-12-01,,,-0.100,75.148,,,,,0.15,,,
1958-11-01,,,0.000,75.148,,,,,0.47,,,
1958-10-01,,,0.500,75.148,,,,,0.04,,,
1958-09-01,,,-0.100,72.66,,,,,0.23,,,
1958-08-01,,,0.200,72.66,,,,,0.85,,,
1958-07-01,,,-0.100,72.66,,,,,-0.25,,,
1958-06-01,,,0.100,20.5,,,,,0.3,,,
1958-05-01,,,0.200,20.5,,,,,-0.63,,,
1958-04-01,,,0.200,20.5,,,,,0.06,,,
1958-03-01,,,-0.100,-83.17,,,,,-0.47,,,
1958-02-01,,,0.200,-83.17,,,,,-1.05,,,
1958-01-01,,,-0.100,-83.17,,,,,-0.26,,,
1957-12-01,,,0.200,-33.492,,,,,-0.3,,,
1957-11-01,,,0.100,-33.492,,,,,-0.22,,,
1957-10-01,,,0.000,-33.492,,,,,0.03,,,
1957-09-01,,,-0.200,31.416,,,,,0.23,,,
1957-08-01,,,0.300,31.416,,,,,0.25,,,
1957-07-01,,,0.100,31.416,,,,,-0.01,,,
1957-06-01,,,0.100,-7.041,,,,,0,,,
1957-05-01,,,0.100,-7.041,,,,,0,,,
1957-04-01,,,0.000,-7.041,,,,,0.04,,,
1957-03-01,,,-0.100,20.441,,,,,-0.04,,,
1957-02-01,,,0.100,20.441,,,,,0.16,,,
1957-01-01,,,0.200,20.441,,,,,-0.1,,,
1956-12-01,,,-0.100,51.696,,,,,0.06,,,
1956-11-01,,,-0.100,51.696,,,,,-0.08,,,
1956-10-01,,,-0.100,51.696,,,,,0.01,,,
1956-09-01,,,0.300,-2.82,,,,,0.22,,,
1956-08-01,,,-0.100,-2.82,,,,,-0.02,,,
1956-07-01,,,0.100,-2.82,,,,,0.04,,,
1956-06-01,,,-0.100,25.772,,,,,-0.04,,,
1956-05-01,,,-0.100,25.772,,,,,0.13,,,
1956-04-01,,,0.100,25.772,,,,,0.12,,,
1956-03-01,,,0.200,-12.146,,,,,0,,,
1956-02-01,,,0.000,-12.146,,,,,0.05,,,
1956-01-01,,,0.000,-12.146,,,,,-0.03,,,
1955-12-01,,,0.100,18.689,,,,,0.13,,,
1955-11-01,,,0.200,18.689,,,,,0.11,,,
1955-10-01,,,0.000,18.689,,,,,0.06,,,
1955-09-01,,,0.000,41.469,,,,,0.22,,,
1955-08-01,,,0.100,41.469,,,,,0.28,,,
1955-07-01,,,0.000,41.469,,,,,0.04,,,
1955-06-01,,,-0.100,49.164,,,,,0.21,,,
1955-05-01,,,0.100,49.164,,,,,0,,,
1955-04-01,,,0.100,49.164,,,,,0.08,,,
1955-03-01,,,0.000,83.894,,,,,0.06,,,
1955-02-01,,,0.100,83.894,,,,,-0.1,,,
1955-01-01,,,0.100,83.894,,,,,0.11,,,
1954-12-01,,,-0.100,56.37,,,,,0.45,,,
1954-11-01,,,0.100,56.37,,,,,-0.02,,,
1954-10-01,,,0.000,56.37,,,,,-0.22,,,
1954-09-01,,,0.200,32.177,,,,,-0.15,,,
1954-08-01,,,-0.200,32.177,,,,,0.42,,,
1954-07-01,,,0.200,32.177,,,,,0.8,,,
1954-06-01,,,0.000,3.113,,,,,,,,
1954-05-01,,,0.100,3.113,,,,,,,,
1954-04-01,,,-0.100,3.113,,,,,,,,
1954-03-01,,,0.000,-13.653,,,,,,,,
1954-02-01,,,-0.100,-13.653,,,,,,,,
1954-01-01,,,-0.100,-13.653,,,,,,,,
1953-12-01,,,0.200,-43.94,,,,,,,,
1953-11-01,,,0.000,-43.94,,,,,,,,
1953-10-01,,,0.100,-43.94,,,,,,,,
1953-09-01,,,0.100,-16.421,,,,,,,,
1953-08-01,,,0.000,-16.421,,,,,,,,
1953-07-01,,,-0.100,-16.421,,,,,,,,
1953-06-01,,,0.100,22.395,,,,,,,,
1953-05-01,,,0.100,22.395,,,,,,,,
1953-04-01,,,-0.100,22.395,,,,,,,,
1953-03-01,,,0.000,52.87,,,,,,,,
1953-02-01,,,0.000,52.87,,,,,,,,
1953-01-01,,,0.000,52.87,,,,,,,,
1952-12-01,,,0.100,90.424,,,,,,,,
1952-11-01,,,-0.900,90.424,,,,,,,,
1952-10-01,,,-10.400,90.424,,,,,,,,
1952-09-01,,,1.600,19.717,,,,,,,,
1952-08-01,,,2.200,19.717,,,,,,,,
1952-07-01,,,0.800,19.717,,,,,,,,
1952-06-01,,,1.800,5.846,,,,,,,,
1952-05-01,,,0.600,5.846,,,,,,,,
1952-04-01,,,0.900,5.846,,,,,,,,
1952-03-01,,,0.200,28.798,,,,,,,,
1952-02-01,,,0.000,28.798,,,,,,,,
1952-01-01,,,0.300,28.798,,,,,,,,
1951-12-01,,,0.200,5.897,,,,,,,,
1951-11-01,,,0.100,5.897,,,,,,,,
1951-10-01,,,0.000,5.897,,,,,,,,
1951-09-01,,,0.300,54.361,,,,,,,,
1951-08-01,,,-0.100,54.361,,,,,,,,
1951-07-01,,,0.500,54.361,,,,,,,,
1951-06-01,,,0.300,44.931,,,,,,,,
1951-05-01,,,0.400,44.931,,,,,,,,
1951-04-01,,,0.200,44.931,,,,,,,,
1951-03-01,,,0.300,34.753,,,,,,,,
1951-02-01,,,0.300,34.753,,,,,,,,
1951-01-01,,,-0.100,34.753,,,,,,,,
1950-12-01,,,0.200,48.087,,,,,,,,
1950-11-01,,,0.100,48.087,,,,,,,,
1950-10-01,,,0.000,48.087,,,,,,,,
1950-09-01,,,0.100,93.445,,,,,,,,
1950-08-01,,,0.000,93.445,,,,,,,,
1950-07-01,,,0.100,93.445,,,,,,,,
1950-06-01,,,-0.100,71.578,,,,,,,,
1950-05-01,,,0.100,71.578,,,,,,,,
1950-04-01,,,-0.100,71.578,,,,,,,,
1950-03-01,,,0.000,88.752,,,,,,,,
1950-02-01,,,0.100,88.752,,,,,,,,
1950-01-01,,,0.000,88.752,,,,,,,,
1949-12-01,,,-0.100,-19.072,,,,,,,,
1949-11-01,,,0.100,-19.072,,,,,,,,
1949-10-01,,,0.100,-19.072,,,,,,,,
1949-09-01,,,-0.200,23.296,,,,,,,,
1949-08-01,,,0.000,23.296,,,,,,,,
1949-07-01,,,0.100,23.296,,,,,,,,
1949-06-01,,,-0.200,-7.679,,,,,,,,
1949-05-01,,,-0.100,-7.679,,,,,,,,
1949-04-01,,,-0.100,-7.679,,,,,,,,
1949-03-01,,,0.200,-31.557,,,,,,,,
1949-02-01,,,-0.100,-31.557,,,,,,,,
1949-01-01,,,0.100,-31.557,,,,,,,,
1948-12-01,,,-0.200,2.594,,,,,,,,
1948-11-01,,,0.000,2.594,,,,,,,,
1948-10-01,,,0.000,2.594,,,,,,,,
1948-09-01,,,-0.100,13.08,,,,,,,,
1948-08-01,,,-0.100,13.08,,,,,,,,
1948-07-01,,,-0.100,13.08,,,,,,,,
1948-06-01,,,0.000,37.008,,,,,,,,
1948-05-01,,,0.100,37.008,,,,,,,,
1948-04-01,,,0.000,37.008,,,,,,,,
1948-03-01,,,-0.100,33.23,,,,,,,,
1948-02-01,,,0.100,33.23,,,,,,,,
1948-01-01,,,4.1,33.23,,,,,,,,
1947-12-01,,,,34.02,,,,,,,,
1947-11-01,,,,34.02,,,,,,,,
1947-10-01,,,,34.02,,,,,,,,
1947-09-01,,,,-4.46,,,,,,,,
1947-08-01,,,,-4.46,,,,,,,,
1947-07-01,,,,-4.46,,,,,,,,
1947-06-01,,,,-5.789,,,,,,,,
1947-05-01,,,,-5.789,,,,,,,,
1947-04-01,,,,-5.789,,,,,,,,
1947-03-02,,,,2182.681,,,,,,,,
1947-02-03,,,,2182.681,,,,,,,,
1947-01-04,,,,2182.681,,,,,,,,